COMPOUND_ID,source_library,product_linkage_type,clean_smiles,max_sim_SA_all,max_sim_SA_active,max_sim_SA_inactive,max_sim_EC_all,max_sim_EC_active,max_sim_EC_inactive,max_sim_CA_all,max_sim_CA_active,max_sim_CA_inactive
CMPD_001,SA,amide,O=C(NCCN(O)Cc1ccccc1)NCc1nccs1,0.3333333333333333,0.3333333333333333,0.3269230769230769,0.3333333333333333,0.3333333333333333,0.3269230769230769,0.3269230769230769,0.29577464788732394,0.3269230769230769
CMPD_002,SA,amide,COc1ccc2ncc(F)c(C[C@H](O)[C@H]3OC[C@H](N(C)C(C)=O)CO3)c2c1,0.6338028169014085,0.6338028169014085,0.40476190476190477,0.35353535353535354,0.35353535353535354,0.3402061855670103,0.30434782608695654,0.2987012987012987,0.30434782608695654
CMPD_003,SA,amide,CC(=O)NCCCNc1cc(O)c2ccccc2n1,0.6538461538461539,0.5769230769230769,0.6538461538461539,0.3870967741935484,0.36363636363636365,0.3870967741935484,0.3870967741935484,0.36363636363636365,0.3870967741935484
CMPD_004,SA,amide,CN(C(=O)NCCN(O)Cc1ccccc1)c1ccon1,0.31746031746031744,0.31746031746031744,0.3103448275862069,0.31746031746031744,0.31746031746031744,0.3103448275862069,0.3103448275862069,0.2830188679245283,0.3103448275862069
CMPD_005,SA,amide,COc1ccc2nccc(CC[C@H]3OC[C@H](N(C)C(C)=O)CO3)c2c1,0.65625,0.65625,0.6268656716417911,0.3333333333333333,0.3125,0.3333333333333333,0.3333333333333333,0.3235294117647059,0.3333333333333333
CMPD_006,SA,amide,CC(=O)NS(=O)(=O)Nc1ccc(-n2ccc(C(F)(F)F)n2)cc1,0.38028169014084506,0.38028169014084506,0.3090909090909091,0.30612244897959184,0.3,0.30612244897959184,0.2948717948717949,0.2948717948717949,0.29411764705882354
CMPD_007,SA,amide,CC(=O)N(C)CCCNc1nc2ccccc2[nH]1,0.5333333333333333,0.4727272727272727,0.5333333333333333,0.5333333333333333,0.46153846153846156,0.5333333333333333,0.5333333333333333,0.4791666666666667,0.5333333333333333
CMPD_008,SA,amide,N#CC1[C@H]2CN(C(=O)NCCN(O)Cc3ccccc3)C[C@@H]12,0.3392857142857143,0.2923076923076923,0.3392857142857143,0.3392857142857143,0.2923076923076923,0.3392857142857143,0.3392857142857143,0.27419354838709675,0.3392857142857143
CMPD_009,SA,amide,CN(CCCNc1nc2ccccc2[nH]1)C(=O)NCCN(O)Cc1ccccc1,0.42105263157894735,0.4090909090909091,0.42105263157894735,0.42105263157894735,0.375,0.42105263157894735,0.42105263157894735,0.38333333333333336,0.42105263157894735
CMPD_010,SA,amide,O=C(CO)N1CCN(c2c(F)cccc2F)CCN1C(=O)NCCN(O)Cc1ccccc1,0.2911392405063291,0.2911392405063291,0.27692307692307694,0.2911392405063291,0.2727272727272727,0.2911392405063291,0.27692307692307694,0.2571428571428571,0.27692307692307694
CMPD_011,SA,amide,O=C(NCCN(O)Cc1ccccc1)NS(=O)(=O)Nc1ccccc1,0.32075471698113206,0.3137254901960784,0.32075471698113206,0.32075471698113206,0.29508196721311475,0.32075471698113206,0.32075471698113206,0.2857142857142857,0.32075471698113206
CMPD_012,SA,amide,O=C(NCCN(O)Cc1ccccc1)Nc1c[nH]c2ccccc12,0.41818181818181815,0.3898305084745763,0.41818181818181815,0.4166666666666667,0.4166666666666667,0.39622641509433965,0.39622641509433965,0.3559322033898305,0.39622641509433965
CMPD_013,SA,amide,COc1ccc2ncc(F)c(C[C@H](O)[C@H]3OC[C@H](N(C)C(C)=O)CO3)c2n1,0.6338028169014085,0.6338028169014085,0.31313131313131315,0.47191011235955055,0.47191011235955055,0.37362637362637363,0.2808988764044944,0.2345679012345679,0.2808988764044944
CMPD_014,SA,amide,CN(C=S)NC(=O)NCCN(O)Cc1ccccc1,0.3389830508474576,0.3389830508474576,0.3333333333333333,0.3389830508474576,0.3389830508474576,0.3333333333333333,0.3333333333333333,0.3333333333333333,0.3333333333333333
CMPD_015,SA,amide,O=C(NCCC1CCCCC1)NCCN(O)Cc1ccccc1,0.3709677419354839,0.3709677419354839,0.34,0.3709677419354839,0.3114754098360656,0.3709677419354839,0.3709677419354839,0.3064516129032258,0.3709677419354839
CMPD_016,SA,amide,O=C(NCCN(O)Cc1ccccc1)Nc1ccc2c(c1)CCC2,0.4,0.4,0.38095238095238093,0.3424657534246575,0.3181818181818182,0.3424657534246575,0.3548387096774194,0.3548387096774194,0.3194444444444444
CMPD_017,SA,urea,CC(=O)NC[CH][C@H](CO)NC(=O)Nc1ccc2c(c1)CCC2,0.3484848484848485,0.3484848484848485,0.3125,0.3050847457627119,0.2878787878787879,0.3050847457627119,0.328125,0.328125,0.2972972972972973
CMPD_018,SA,urea,CC(=O)NC[CH][C@H](CO)NC(=O)NCCC1CCCCC1,0.29850746268656714,0.29850746268656714,0.2835820895522388,0.29850746268656714,0.2727272727272727,0.29850746268656714,0.26,0.26,0.2318840579710145
CMPD_019,SA,urea,CC(=O)NC[CH]CN(C(=O)NN(C)C=S)c1ccc(-c2ccc(C=N)c(O)c2)c(F)c1,0.35106382978723405,0.35106382978723405,0.2911392405063291,0.3373493975903614,0.3373493975903614,0.27956989247311825,0.27906976744186046,0.21333333333333335,0.27906976744186046
CMPD_020,SA,amide,CC(=O)NC(=N)Nc1nccc(-c2scnc2C)n1,0.4576271186440678,0.4576271186440678,0.39705882352941174,0.2714285714285714,0.25,0.2714285714285714,0.26153846153846155,0.25,0.26153846153846155
CMPD_021,SA,amide,CC(=O)Nc1c[nH]c2ccccc12,0.5135135135135135,0.4444444444444444,0.5135135135135135,0.5135135135135135,0.3877551020408163,0.5135135135135135,0.5135135135135135,0.4358974358974359,0.5135135135135135
CMPD_022,SA,amide,CC(=O)NC(=N)CCNC(=O)c1cc(NC=O)cn1CCC(C)C,0.5757575757575758,0.5645161290322581,0.5757575757575758,0.5588235294117647,0.38372093023255816,0.5588235294117647,0.5757575757575758,0.40789473684210525,0.5757575757575758
CMPD_023,SA,amide,O=C1NC[C@H](CN(C(=O)NCCN(O)Cc2ccccc2)c2ccon2)O1,0.2463768115942029,0.24358974358974358,0.2463768115942029,0.2463768115942029,0.24358974358974358,0.2463768115942029,0.2463768115942029,0.23376623376623376,0.2463768115942029
CMPD_024,SA,amide,COc1ccc2ncc(F)c(C[C@H](O)[C@H]3OC[C@H](N(C)C(=O)NCCN(O)Cc4ccccc4)CO3)c2n1,0.5402298850574713,0.5402298850574713,0.29523809523809524,0.4056603773584906,0.4056603773584906,0.32407407407407407,0.2571428571428571,0.22916666666666666,0.2571428571428571
CMPD_025,SA,amide,O=C(NCCCNc1cc(O)c2ccccc2n1)NCCN(O)Cc1ccccc1,0.5818181818181818,0.5081967213114754,0.5818181818181818,0.33783783783783783,0.33783783783783783,0.3333333333333333,0.34328358208955223,0.3103448275862069,0.34328358208955223
CMPD_026,SA,amide,COc1ccc2ncc(F)c(C[C@H](O)[C@H]3OC[C@H](N(C)C(=O)NCCN(O)Cc4ccccc4)CO3)c2c1,0.5402298850574713,0.5402298850574713,0.4166666666666667,0.3217391304347826,0.3217391304347826,0.30973451327433627,0.2826086956521739,0.2826086956521739,0.2545454545454545
CMPD_027,SA,amide,CC(=O)N1CCN(c2c(F)cccc2F)CCN1C(=O)CO,0.359375,0.359375,0.3088235294117647,0.359375,0.3125,0.359375,0.3125,0.3125,0.296875
CMPD_028,SA,urea,COc1ccc2nccc(CC[C@H]3OC[C@H](N(C)C(=O)N[C@H]([CH]CNC(C)=O)CO)CO3)c2c1,0.5375,0.5375,0.5180722891566265,0.30851063829787234,0.30851063829787234,0.29473684210526313,0.29473684210526313,0.25882352941176473,0.29473684210526313
CMPD_029,SA,amide,CC(=O)NS(=O)(=O)Nc1ccccc1,0.5483870967741935,0.3409090909090909,0.5483870967741935,0.5483870967741935,0.3888888888888889,0.5483870967741935,0.3888888888888889,0.37142857142857144,0.3888888888888889
CMPD_030,SA,amide,CC(=O)NCCC1CCCCC1,0.34285714285714286,0.3181818181818182,0.34285714285714286,0.375,0.375,0.34285714285714286,0.34285714285714286,0.34285714285714286,0.27906976744186046
CMPD_031,SA,amide,CC(=O)Nc1ccc2c(c1)CCC2,0.5128205128205128,0.5128205128205128,0.41025641025641024,0.5128205128205128,0.3695652173913043,0.5128205128205128,0.5128205128205128,0.5128205128205128,0.41025641025641024
CMPD_032,SA,amide,COc1ccc2nccc(CC[C@H]3OC[C@H](N(C)C(=O)NCCN(O)Cc4ccccc4)CO3)c2c1,0.6025641025641025,0.6025641025641025,0.5844155844155844,0.2976190476190476,0.2882882882882883,0.2976190476190476,0.2976190476190476,0.27184466019417475,0.2976190476190476
CMPD_033,SA,amide,Cc1ncsc1-c1ccnc(NC(=N)NC(=O)NCCN(O)Cc2ccccc2)n1,0.4246575342465753,0.4246575342465753,0.3625,0.2804878048780488,0.2564102564102564,0.2804878048780488,0.25882352941176473,0.2564102564102564,0.25882352941176473
CMPD_034,SA,urea,CC(=O)NC[CH][C@H](CO)NC(=O)Nc1c[nH]c2ccccc12,0.4,0.37142857142857144,0.4,0.4,0.36619718309859156,0.4,0.4,0.3492063492063492,0.4
CMPD_035,SA,amide,O=C(NCCN(O)Cc1ccccc1)NS(=O)(=O)Nc1ccc(-n2ccc(C(F)(F)F)n2)cc1,0.3246753246753247,0.3246753246753247,0.3108108108108108,0.3108108108108108,0.27848101265822783,0.3108108108108108,0.3108108108108108,0.26744186046511625,0.3108108108108108
CMPD_036,SA,urea,CC(=O)NC[CH]CN(C(=O)N1C[C@@H]2C(C#N)[C@@H]2C1)c1ccc(-c2ccc(C=N)c(O)c2)c(F)c1,0.38461538461538464,0.38461538461538464,0.2871287128712871,0.38461538461538464,0.38461538461538464,0.3473684210526316,0.3076923076923077,0.20388349514563106,0.3076923076923077
CMPD_037,SA,amide,CC(=O)N(C(=S)NC(=O)c1ccc(CS)cc1)c1c(Cl)cccc1Cl,0.39215686274509803,0.32051282051282054,0.39215686274509803,0.39215686274509803,0.288135593220339,0.39215686274509803,0.39215686274509803,0.36538461538461536,0.39215686274509803
CMPD_038,SA,urea,CC(=O)NC[CH][C@H](CO)NC(=O)N(C)CCCNc1nc2ccccc2[nH]1,0.3870967741935484,0.3611111111111111,0.3870967741935484,0.3870967741935484,0.34782608695652173,0.3870967741935484,0.3870967741935484,0.35384615384615387,0.3870967741935484
CMPD_039,SA,urea,CC(=O)NC[CH]CN(C(=O)NC(N)NC(C)C)c1ccc(-c2ccc(C=N)c(O)c2)c(F)c1,0.3411764705882353,0.3411764705882353,0.2804878048780488,0.3411764705882353,0.3411764705882353,0.27472527472527475,0.2696629213483146,0.24175824175824176,0.2696629213483146
CMPD_040,SA,amide,CC(=O)N(C[C@H]1CNC(=O)O1)c1ccon1,0.25301204819277107,0.25301204819277107,0.25,0.2459016393442623,0.23076923076923078,0.2459016393442623,0.23684210526315788,0.22033898305084745,0.23684210526315788
CMPD_041,SA,amide,CNC(=O)C[C@H](CCCCN)NC(=O)NCCN(O)Cc1ccccc1,0.40625,0.3939393939393939,0.40625,0.40625,0.3939393939393939,0.40625,0.3466666666666667,0.3055555555555556,0.3466666666666667
CMPD_042,SA,amide,CC(=O)N1CCNN(C(=O)CO)CC1,0.3492063492063492,0.3492063492063492,0.2894736842105263,0.2894736842105263,0.22950819672131148,0.2894736842105263,0.2894736842105263,0.2765957446808511,0.2894736842105263
CMPD_043,SA,amide,O=C(NC(=S)N(C(=O)NCCN(O)Cc1ccccc1)c1c(Cl)cccc1Cl)c1ccc(CS)cc1,0.3333333333333333,0.2967032967032967,0.3333333333333333,0.3333333333333333,0.2714285714285714,0.3333333333333333,0.3333333333333333,0.3125,0.3333333333333333
CMPD_044,SA,amide,CC(C)NC(N)NC(=O)NCCN(O)Cc1ccccc1,0.39622641509433965,0.3404255319148936,0.39622641509433965,0.39622641509433965,0.34545454545454546,0.39622641509433965,0.3404255319148936,0.3404255319148936,0.3333333333333333
CMPD_045,SA,urea,CC(=O)NC[CH]CN(C(=O)N(C)c1ccon1)c1ccc(-c2ccc(C=N)c(O)c2)c(F)c1,0.34,0.34,0.2823529411764706,0.3258426966292135,0.3258426966292135,0.2857142857142857,0.2717391304347826,0.19607843137254902,0.2717391304347826
CMPD_046,SA,amide,O=C(NCCN(O)Cc1ccccc1)N1CCNN(C(=O)CO)CC1,0.30120481927710846,0.30120481927710846,0.2972972972972973,0.2972972972972973,0.26666666666666666,0.2972972972972973,0.2898550724637681,0.2753623188405797,0.2898550724637681
CMPD_047,SA,amide,CNC(=O)C[C@H](CCCCN)NC(C)=O,0.41304347826086957,0.38461538461538464,0.41304347826086957,0.41304347826086957,0.38461538461538464,0.41304347826086957,0.3541666666666667,0.3541666666666667,0.34545454545454546
CMPD_048,SA,urea,CC(=O)NC[CH][C@H](CO)NC(=O)NN(C)C=S,0.2222222222222222,0.2222222222222222,0.22,0.23076923076923078,0.20689655172413793,0.23076923076923078,0.2222222222222222,0.19230769230769232,0.2222222222222222
CMPD_049,SA,urea,CC(=O)NC[CH]CN(C(=O)NCc1nccs1)c1ccc(-c2ccc(C=N)c(O)c2)c(F)c1,0.3333333333333333,0.3333333333333333,0.27058823529411763,0.3146067415730337,0.3146067415730337,0.28865979381443296,0.27184466019417475,0.24096385542168675,0.27184466019417475
CMPD_050,SA,urea,CC(=O)NC[CH]CN(C(=O)NCCC1CCCCC1)c1ccc(-c2ccc(C=N)c(O)c2)c(F)c1,0.36082474226804123,0.36082474226804123,0.27380952380952384,0.3488372093023256,0.3488372093023256,0.2967032967032967,0.29213483146067415,0.23333333333333334,0.29213483146067415
CMPD_051,SA,urea,CC(=O)NC[CH]CN(C(=O)Nc1ccc2c(c1)CCC2)c1ccc(-c2ccc(C=N)c(O)c2)c(F)c1,0.3469387755102041,0.3469387755102041,0.27058823529411763,0.32954545454545453,0.32954545454545453,0.28865979381443296,0.27472527472527475,0.26506024096385544,0.27472527472527475
CMPD_052,SA,urea,CC(=O)NC[CH][C@H](CO)NC(=O)N(C(=S)NC(=O)c1ccc(CS)cc1)c1c(Cl)cccc1Cl,0.29850746268656714,0.2736842105263158,0.29850746268656714,0.29850746268656714,0.24050632911392406,0.29850746268656714,0.29850746268656714,0.29850746268656714,0.29850746268656714
CMPD_053,SA,amide,CC(=O)NCc1nccs1,0.42105263157894735,0.35714285714285715,0.42105263157894735,0.42105263157894735,0.3829787234042553,0.42105263157894735,0.42105263157894735,0.3829787234042553,0.42105263157894735
CMPD_054,SA,urea,CC(=O)NC[CH][C@H](CO)NC(=O)NCc1nccs1,0.3076923076923077,0.2786885245901639,0.3076923076923077,0.2962962962962963,0.2878787878787879,0.2962962962962963,0.2962962962962963,0.265625,0.2962962962962963
CMPD_055,SA,amide,CC(=O)N(C)c1ccon1,0.2972972972972973,0.2553191489361702,0.2972972972972973,0.29411764705882354,0.22727272727272727,0.29411764705882354,0.2571428571428571,0.2571428571428571,0.24390243902439024
CMPD_056,SA,urea,CC(=O)NC[CH][C@H](CO)NC(=O)N1C[C@@H]2C(C#N)[C@@H]2C1,0.2537313432835821,0.2537313432835821,0.23076923076923078,0.23076923076923078,0.22077922077922077,0.23076923076923078,0.22033898305084745,0.18421052631578946,0.22033898305084745
CMPD_057,SA,urea,CC(=O)NC[CH][C@H](CO)NC(=O)NCCCNc1cc(O)c2ccccc2n1,0.5074626865671642,0.44776119402985076,0.5074626865671642,0.325,0.325,0.3026315789473684,0.3026315789473684,0.2804878048780488,0.3026315789473684
CMPD_058,SA,amide,C/C(=N\NC(=N)NC(=O)NCCN(O)Cc1ccccc1)c1ccc(NC(N)=O)cc1,0.515625,0.515625,0.3888888888888889,0.36486486486486486,0.3424657534246575,0.36486486486486486,0.3424657534246575,0.3424657534246575,0.34177215189873417
CMPD_059,SA,amide,CC(=O)NC(N)NC(C)C,0.3793103448275862,0.34615384615384615,0.3793103448275862,0.3793103448275862,0.34615384615384615,0.3793103448275862,0.34615384615384615,0.34615384615384615,0.3333333333333333
CMPD_060,SA,urea,CC(=O)NC[CH][C@H](CO)NC(=O)N(C)c1ccon1,0.24285714285714285,0.23880597014925373,0.24285714285714285,0.24285714285714285,0.23728813559322035,0.24285714285714285,0.23728813559322035,0.2073170731707317,0.23728813559322035
CMPD_061,SA,urea,CC(=O)NC[CH][C@H](CO)NC(=O)N1CCN(c2c(F)cccc2F)CCN1C(=O)CO,0.35064935064935066,0.35064935064935066,0.30864197530864196,0.35064935064935066,0.25882352941176473,0.35064935064935066,0.25675675675675674,0.25675675675675674,0.2441860465116279
CMPD_062,SA,amide,CCNC(=O)NC(N)NC(C)=O,0.3076923076923077,0.3076923076923077,0.29411764705882354,0.3076923076923077,0.3076923076923077,0.2962962962962963,0.2777777777777778,0.2653061224489796,0.2777777777777778
CMPD_063,SA,amide,CC(=O)NC(=N)N/N=C/CCNS(=O)(=O)c1ccccc1,0.4444444444444444,0.3235294117647059,0.4444444444444444,0.4444444444444444,0.3392857142857143,0.4444444444444444,0.43478260869565216,0.29333333333333333,0.43478260869565216
CMPD_064,SA,urea,CC(=O)NC[CH]CN(C(=O)N1CCNN(C(=O)CO)CC1)c1ccc(-c2ccc(C=N)c(O)c2)c(F)c1,0.37254901960784315,0.37254901960784315,0.2857142857142857,0.3191489361702128,0.3191489361702128,0.2857142857142857,0.28125,0.20754716981132076,0.28125
CMPD_065,SA,amide,CC(C)CCn1cc(NC=O)cc1C(=O)NCCC(=N)NC(=O)NCCN(O)Cc1ccccc1,0.5063291139240507,0.47368421052631576,0.5063291139240507,0.4578313253012048,0.4105263157894737,0.4578313253012048,0.5063291139240507,0.3763440860215054,0.5063291139240507
CMPD_066,SA,urea,CCNC(=O)NC(N)NC(=O)N(C[CH]CNC(C)=O)c1ccc(-c2ccc(C=N)c(O)c2)c(F)c1,0.3372093023255814,0.3372093023255814,0.27710843373493976,0.3372093023255814,0.3372093023255814,0.2717391304347826,0.26666666666666666,0.24096385542168675,0.26666666666666666
CMPD_067,SA,amide,CC(=O)N1C[C@@H]2C(C#N)[C@@H]2C1,0.2558139534883721,0.2558139534883721,0.25,0.2558139534883721,0.23636363636363636,0.2558139534883721,0.2558139534883721,0.25,0.2558139534883721
CMPD_068,SA,amide,CC(=O)NC(=N)N/N=C(\C)c1ccc(NC(N)=O)cc1,0.5531914893617021,0.5531914893617021,0.5128205128205128,0.5128205128205128,0.47619047619047616,0.5128205128205128,0.47619047619047616,0.47619047619047616,0.391304347826087
CMPD_069,SA,urea,CC(=O)NC[CH]CN(C(=O)N(C[C@H]1CNC(=O)O1)c1ccon1)c1ccc(-c2ccc(C=N)c(O)c2)c(F)c1,0.37037037037037035,0.37037037037037035,0.2689075630252101,0.3469387755102041,0.3469387755102041,0.308411214953271,0.297029702970297,0.1984126984126984,0.297029702970297
CMPD_070,SA,urea,CC(=O)NC[CH]CN(C(=O)Nc1c[nH]c2ccccc12)c1ccc(-c2ccc(C=N)c(O)c2)c(F)c1,0.36363636363636365,0.36363636363636365,0.2911392405063291,0.32222222222222224,0.32222222222222224,0.2875,0.28,0.28,0.26881720430107525
CMPD_071,SA,urea,COc1ccc2ncc(F)c(C[C@H](O)[C@H]3OC[C@H](N(C)C(=O)N[C@H]([CH]CNC(C)=O)CO)CO3)c2c1,0.5348837209302325,0.5348837209302325,0.34,0.3157894736842105,0.3157894736842105,0.2920353982300885,0.2830188679245283,0.24731182795698925,0.2830188679245283
CMPD_072,SA,amide,N=C(N/N=C/CCNS(=O)(=O)c1ccccc1)NC(=O)NCCN(O)Cc1ccccc1,0.3448275862068966,0.2911392405063291,0.3448275862068966,0.3448275862068966,0.27941176470588236,0.3448275862068966,0.3448275862068966,0.23157894736842105,0.3448275862068966
CMPD_073,SA,urea,CC(=O)NC[CH][C@H](CO)NC(=O)N(C[C@H]1CNC(=O)O1)c1ccon1,0.25925925925925924,0.25925925925925924,0.25842696629213485,0.25842696629213485,0.2391304347826087,0.25842696629213485,0.25842696629213485,0.2,0.25842696629213485
CMPD_074,SA,urea,CC(=O)NC[CH][C@H](CO)NC(=O)NS(=O)(=O)Nc1ccccc1,0.3409090909090909,0.3050847457627119,0.3409090909090909,0.3409090909090909,0.2909090909090909,0.3409090909090909,0.3157894736842105,0.2698412698412698,0.3157894736842105
CMPD_075,SA,urea,CC(=O)NC[CH][C@H](CO)NC(=O)N1CCNN(C(=O)CO)CC1,0.34210526315789475,0.34210526315789475,0.25333333333333335,0.25333333333333335,0.2236842105263158,0.25333333333333335,0.2,0.18292682926829268,0.2
CMPD_076,SA,urea,CC(=O)NC[CH][C@H](CO)NC(=O)NS(=O)(=O)Nc1ccc(-n2ccc(C(F)(F)F)n2)cc1,0.3488372093023256,0.3488372093023256,0.2903225806451613,0.3037974683544304,0.3037974683544304,0.25842696629213485,0.25842696629213485,0.2391304347826087,0.25842696629213485
CMPD_077,SA,urea,CC(=O)NC[CH]CN(C(=O)N1CCN(c2c(F)cccc2F)CCN1C(=O)CO)c1ccc(-c2ccc(C=N)c(O)c2)c(F)c1,0.3557692307692308,0.3557692307692308,0.2828282828282828,0.32978723404255317,0.32978723404255317,0.3020833333333333,0.2916666666666667,0.21568627450980393,0.2916666666666667
CMPD_078,SA,urea,CNC(=O)C[C@H](CCCCN)NC(=O)N(C[CH]CNC(C)=O)c1ccc(-c2ccc(C=N)c(O)c2)c(F)c1,0.3269230769230769,0.3269230769230769,0.25555555555555554,0.3263157894736842,0.3263157894736842,0.27450980392156865,0.2604166666666667,0.22580645161290322,0.2604166666666667
CMPD_079,SA,urea,CC(=O)NC[CH]CN(C(=O)NS(=O)(=O)Nc1ccccc1)c1ccc(-c2ccc(C=N)c(O)c2)c(F)c1,0.3333333333333333,0.3333333333333333,0.2891566265060241,0.3181818181818182,0.3181818181818182,0.2891566265060241,0.2891566265060241,0.23863636363636365,0.2891566265060241
CMPD_080,SA,amide,CCNC(=O)NC(N)NC(=O)NCCN(O)Cc1ccccc1,0.37735849056603776,0.36363636363636365,0.37735849056603776,0.37735849056603776,0.37735849056603776,0.36363636363636365,0.34,0.3191489361702128,0.34
CMPD_081,SA,urea,CC(=O)NC[CH][C@H](CO)NC(=O)NC(=N)Nc1nccc(-c2scnc2C)n1,0.3684210526315789,0.3684210526315789,0.32941176470588235,0.2564102564102564,0.2564102564102564,0.23809523809523808,0.2597402597402597,0.2564102564102564,0.2597402597402597
CMPD_082,SA,amide,CC(=O)NN(C)C=S,0.3181818181818182,0.22727272727272727,0.3181818181818182,0.3181818181818182,0.22727272727272727,0.3181818181818182,0.22580645161290322,0.22580645161290322,0.22580645161290322
CMPD_083,SA,urea,CC(=O)NC[CH][C@H](CO)NC(=O)NC(N)NC(C)C,0.26,0.26,0.2549019607843137,0.26,0.26,0.2549019607843137,0.2542372881355932,0.2542372881355932,0.24528301886792453
CMPD_084,SA,urea,COc1ccc2ncc(F)c(C[C@H](O)[C@H]3OC[C@H](N(C)C(=O)N[C@H]([CH]CNC(C)=O)CO)CO3)c2n1,0.532608695652174,0.532608695652174,0.2894736842105263,0.4230769230769231,0.4230769230769231,0.3425925925925926,0.24761904761904763,0.2,0.24761904761904763
CMPD_085,SA,urea,CNC(=O)C[C@H](CCCCN)NC(=O)N[C@H]([CH]CNC(C)=O)CO,0.3384615384615385,0.3384615384615385,0.3114754098360656,0.3384615384615385,0.3384615384615385,0.3114754098360656,0.2972972972972973,0.2923076923076923,0.2972972972972973
CMPD_086,SA,urea,CC(=O)NC[CH]CN(C(=O)N(C)CCCNc1nc2ccccc2[nH]1)c1ccc(-c2ccc(C=N)c(O)c2)c(F)c1,0.3153153153153153,0.3153153153153153,0.2891566265060241,0.2891566265060241,0.2871287128712871,0.2891566265060241,0.2891566265060241,0.26744186046511625,0.2891566265060241
CMPD_087,SA,urea,COc1ccc2nccc(CC[C@H]3OC[C@H](N(C)C(=O)N(C[CH]CNC(C)=O)c4ccc(-c5ccc(C=N)c(O)c5)c(F)c4)CO3)c2c1,0.4411764705882353,0.4326923076923077,0.4411764705882353,0.2831858407079646,0.2831858407079646,0.27350427350427353,0.24778761061946902,0.23148148148148148,0.24778761061946902
CMPD_088,SA,urea,CCNC(=O)NC(N)NC(=O)N[C@H]([CH]CNC(C)=O)CO,0.26,0.26,0.2459016393442623,0.26,0.26,0.2459016393442623,0.2542372881355932,0.2542372881355932,0.2413793103448276
CMPD_089,SA,urea,CC(=O)NC[CH][C@H](CO)NC(=O)NC(=N)N/N=C/CCNS(=O)(=O)c1ccccc1,0.35,0.26506024096385544,0.35,0.35,0.2857142857142857,0.35,0.35,0.25842696629213485,0.35
CMPD_090,SA,urea,CC(=O)NC[CH][C@H](CO)NC(=O)NC(=N)N/N=C(\C)c1ccc(NC(N)=O)cc1,0.46153846153846156,0.46153846153846156,0.42857142857142855,0.4142857142857143,0.352112676056338,0.4142857142857143,0.352112676056338,0.352112676056338,0.30985915492957744
CMPD_091,SA,urea,CC(=O)NC[CH][C@H](CO)NC(=O)NC(=N)CCNC(=O)c1cc(NC=O)cn1CCC(C)C,0.4810126582278481,0.4666666666666667,0.4810126582278481,0.4691358024691358,0.3333333333333333,0.4691358024691358,0.4810126582278481,0.36363636363636365,0.4810126582278481
CMPD_092,SA,urea,CC(=O)NC[CH]CN(C(=O)NC(=N)N/N=C/CCNS(=O)(=O)c1ccccc1)c1ccc(-c2ccc(C=N)c(O)c2)c(F)c1,0.3063063063063063,0.3063063063063063,0.27184466019417475,0.27884615384615385,0.27884615384615385,0.27184466019417475,0.27184466019417475,0.2336448598130841,0.27184466019417475
CMPD_093,SA,urea,CC(=O)NC[CH]CN(C(=O)NCCCNc1cc(O)c2ccccc2n1)c1ccc(-c2ccc(C=N)c(O)c2)c(F)c1,0.4,0.35294117647058826,0.4,0.2916666666666667,0.2916666666666667,0.2857142857142857,0.2857142857142857,0.25,0.2857142857142857
CMPD_094,SA,urea,CC(=O)NC[CH]CN(C(=O)N(C(=S)NC(=O)c1ccc(CS)cc1)c1c(Cl)cccc1Cl)c1ccc(-c2ccc(C=N)c(O)c2)c(F)c1,0.2982456140350877,0.2982456140350877,0.25510204081632654,0.2815533980582524,0.2815533980582524,0.25961538461538464,0.25961538461538464,0.22448979591836735,0.25961538461538464
CMPD_095,SA,urea,CC(=O)NC[CH]CN(C(=O)NC(=N)Nc1nccc(-c2scnc2C)n1)c1ccc(-c2ccc(C=N)c(O)c2)c(F)c1,0.30851063829787234,0.30851063829787234,0.29411764705882354,0.2761904761904762,0.2761904761904762,0.25225225225225223,0.2288135593220339,0.21875,0.2288135593220339
CMPD_096,SA,urea,COc1ccc2ncc(F)c(C[C@H](O)[C@H]3OC[C@H](N(C)C(=O)N(C[CH]CNC(C)=O)c4ccc(-c5ccc(C=N)c(O)c5)c(F)c4)CO3)c2n1,0.44545454545454544,0.44545454545454544,0.2595419847328244,0.35772357723577236,0.35772357723577236,0.2903225806451613,0.23622047244094488,0.22727272727272727,0.23622047244094488
CMPD_097,SA,urea,CC(=O)NC[CH]CN(C(=O)NC(=N)N/N=C(\C)c1ccc(NC(N)=O)cc1)c1ccc(-c2ccc(C=N)c(O)c2)c(F)c1,0.3614457831325301,0.3614457831325301,0.29473684210526313,0.29292929292929293,0.29292929292929293,0.2826086956521739,0.2894736842105263,0.2894736842105263,0.24242424242424243
CMPD_098,SA,urea,COc1ccc2ncc(F)c(C[C@H](O)[C@H]3OC[C@H](N(C)C(=O)N(C[CH]CNC(C)=O)c4ccc(-c5ccc(C=N)c(O)c5)c(F)c4)CO3)c2c1,0.4423076923076923,0.4423076923076923,0.288135593220339,0.28205128205128205,0.27927927927927926,0.28205128205128205,0.2641509433962264,0.2641509433962264,0.23809523809523808
CMPD_099,SA,urea,CC(=O)NC[CH]CN(C(=O)NS(=O)(=O)Nc1ccc(-n2ccc(C(F)(F)F)n2)cc1)c1ccc(-c2ccc(C=N)c(O)c2)c(F)c1,0.3333333333333333,0.3333333333333333,0.2636363636363636,0.31,0.31,0.28703703703703703,0.2621359223300971,0.21929824561403508,0.2621359223300971
CMPD_100,SA,urea,CC(=O)NC[CH]CN(C(=O)NC(=N)CCNC(=O)c1cc(NC=O)cn1CCC(C)C)c1ccc(-c2ccc(C=N)c(O)c2)c(F)c1,0.39,0.375,0.39,0.36893203883495146,0.3162393162393162,0.36893203883495146,0.39,0.2909090909090909,0.39
CMPD_101,EC,amide,O=C(Cc1ccc(O)c(O)c1)NCNCc1ccccc1Cl,0.44642857142857145,0.44642857142857145,0.44642857142857145,0.44642857142857145,0.3728813559322034,0.44642857142857145,0.44642857142857145,0.44642857142857145,0.44642857142857145
CMPD_102,EC,amide,[2H]C([2H])([2H])N(CCC(C)F)C(=O)Cc1ccc(O)c(O)c1,0.34146341463414637,0.34146341463414637,0.34146341463414637,0.3953488372093023,0.3953488372093023,0.3953488372093023,0.34146341463414637,0.3389830508474576,0.34146341463414637
CMPD_103,EC,amide,CCN(CCC(C)F)C(=O)Cc1ccc(O)c(O)c1,0.38,0.34146341463414637,0.38,0.3953488372093023,0.3953488372093023,0.3953488372093023,0.38,0.3389830508474576,0.38
CMPD_104,EC,amide,CCNc1cc(F)ccc1NC(=O)C[C@@H](C[S+][O-])CC(=O)O,0.3333333333333333,0.27692307692307694,0.3333333333333333,0.3333333333333333,0.3333333333333333,0.296875,0.3125,0.296875,0.3125
CMPD_105,EC,amide,O=C(Cc1ccc(O)c(O)c1)Nc1ccc(CO)cc1F,0.4791666666666667,0.375,0.4791666666666667,0.3888888888888889,0.3673469387755102,0.3888888888888889,0.4791666666666667,0.375,0.4791666666666667
CMPD_106,EC,amide,N#CC[C@@H](NC(=O)C[C@@H](C[S+][O-])CC(=O)O)c1cccc(Cl)c1,0.42424242424242425,0.29850746268656714,0.42424242424242425,0.42424242424242425,0.3835616438356164,0.42424242424242425,0.42424242424242425,0.2619047619047619,0.42424242424242425
CMPD_107,EC,amide,[2H]C([2H])([2H])Nc1cc(F)ccc1NC(=O)Cc1ccc(O)c(O)c1,0.49019607843137253,0.3442622950819672,0.49019607843137253,0.3793103448275862,0.3584905660377358,0.3793103448275862,0.49019607843137253,0.3442622950819672,0.49019607843137253
CMPD_108,EC,amide,CCN(CCC(C)F)C(=O)C[C@@H](C[S+][O-])CC(=O)O,0.23636363636363636,0.21153846153846154,0.23636363636363636,0.23636363636363636,0.21153846153846154,0.23636363636363636,0.24489795918367346,0.24489795918367346,0.23636363636363636
CMPD_109,EC,amide,N=C(NC(=O)Cc1ccc(O)c(O)c1)c1ccccc1,0.47058823529411764,0.47058823529411764,0.47058823529411764,0.47058823529411764,0.391304347826087,0.47058823529411764,0.47058823529411764,0.47058823529411764,0.47058823529411764
CMPD_110,EC,amide,[2H]C([2H])([2H])Nc1cc(F)ccc1NC(=O)C[C@@H](C[S+][O-])CC(=O)O,0.3050847457627119,0.26153846153846155,0.3050847457627119,0.3050847457627119,0.3050847457627119,0.2916666666666667,0.3076923076923077,0.2727272727272727,0.3076923076923077
CMPD_111,EC,amide,N#Cc1ccccc1-c1ccc(CNC(=O)C[C@@H](C[S+][O-])CC(=O)O)cc1,0.3333333333333333,0.3333333333333333,0.3333333333333333,0.48333333333333334,0.48333333333333334,0.32727272727272727,0.38,0.38,0.32727272727272727
CMPD_112,EC,amide,O=C(Cc1ccc(O)c(O)c1)NC[C@H](O)c1ccccc1,0.54,0.54,0.54,0.54,0.375,0.54,0.54,0.54,0.54
CMPD_113,EC,amide,Cc1ccc2[nH]c(N(CCC#N)C(=O)Cc3ccc(O)c(O)c3)nc2n1,0.2597402597402597,0.2545454545454545,0.2597402597402597,0.32432432432432434,0.32432432432432434,0.3,0.25757575757575757,0.24,0.25757575757575757
CMPD_114,EC,amide,CCNc1cc(F)ccc1NC(=O)Cc1ccc(O)c(O)c1,0.5,0.35,0.5,0.39215686274509803,0.39215686274509803,0.38596491228070173,0.5,0.35,0.5
CMPD_115,EC,amide,N#CC[C@@H](NC(=O)Cc1ccc(O)c(O)c1)c1cccc(Cl)c1,0.3870967741935484,0.3870967741935484,0.3870967741935484,0.41379310344827586,0.41379310344827586,0.3870967741935484,0.3870967741935484,0.3870967741935484,0.3870967741935484
CMPD_116,EC,amide,Cc1noc(N(C(=O)Cc2ccc(O)c(O)c2)S(=O)(=O)c2ccccc2)c1C,0.36363636363636365,0.3088235294117647,0.36363636363636365,0.36363636363636365,0.27848101265822783,0.36363636363636365,0.36363636363636365,0.3088235294117647,0.36363636363636365
CMPD_117,EC,urea,N#Cc1ccccc1-c1ccc(CNC(=O)NC[CH]C(=O)NO)cc1,0.3275862068965517,0.32051282051282054,0.3275862068965517,0.5,0.5,0.3275862068965517,0.391304347826087,0.391304347826087,0.3275862068965517
CMPD_118,EC,amide,O=C(O)C[C@H](C[S+][O-])CC(=O)NCNCc1ccccc1Cl,0.328125,0.328125,0.32786885245901637,0.328125,0.328125,0.32786885245901637,0.32786885245901637,0.25,0.32786885245901637
CMPD_119,EC,amide,[2H]C([2H])([2H])N(CCC(C)F)C(=O)C[C@@H](C[S+][O-])CC(=O)O,0.19047619047619047,0.18518518518518517,0.19047619047619047,0.20689655172413793,0.20689655172413793,0.19672131147540983,0.21568627450980393,0.21568627450980393,0.17307692307692307
CMPD_120,EC,amide,N#Cc1ccccc1-c1ccc(CNC(=O)Cc2ccc(O)c(O)c2)cc1,0.423728813559322,0.423728813559322,0.423728813559322,0.5490196078431373,0.5490196078431373,0.423728813559322,0.423728813559322,0.423728813559322,0.423728813559322
CMPD_121,EC,amide,O=C(O)C[C@H](C[S+][O-])CC(=O)Nc1ccc(CO)cc1F,0.30158730158730157,0.27419354838709675,0.30158730158730157,0.2982456140350877,0.2982456140350877,0.2857142857142857,0.3225806451612903,0.265625,0.3225806451612903
CMPD_122,EC,amide,CC(C)c1ccc2c(c1)CC[C@H]1[C@](C)(CNC(=O)Cc3ccc(O)c(O)c3)CCC[C@]21C,0.7142857142857143,0.7142857142857143,0.5873015873015873,0.7142857142857143,0.6056338028169014,0.7142857142857143,0.7142857142857143,0.6056338028169014,0.7142857142857143
CMPD_123,EC,urea,CCN(CCC(C)F)C(=O)NC[CH]C(=O)NO,0.3,0.22,0.3,0.3,0.2857142857142857,0.3,0.22448979591836735,0.2222222222222222,0.22448979591836735
CMPD_124,EC,amide,Cc1noc(N(C(=O)C[C@@H](C[S+][O-])CC(=O)O)S(=O)(=O)c2ccccc2)c1C,0.36764705882352944,0.27906976744186046,0.36764705882352944,0.36764705882352944,0.2839506172839506,0.36764705882352944,0.36764705882352944,0.27692307692307694,0.36764705882352944
CMPD_125,EC,urea,N#CC[C@@H](NC(=O)NC[CH]C(=O)NO)c1cccc(Cl)c1,0.3382352941176471,0.2878787878787879,0.3382352941176471,0.3939393939393939,0.3939393939393939,0.3382352941176471,0.3382352941176471,0.25609756097560976,0.3382352941176471
CMPD_126,EC,urea,CC(C)c1ccc2c(c1)CC[C@H]1[C@](C)(CNC(=O)NC[CH]C(=O)NO)CCC[C@]21C,0.7142857142857143,0.7142857142857143,0.5873015873015873,0.7142857142857143,0.6056338028169014,0.7142857142857143,0.7142857142857143,0.6056338028169014,0.7142857142857143
CMPD_127,EC,amide,N=C(NC(=O)C[C@@H](C[S+][O-])CC(=O)O)c1ccccc1,0.3673469387755102,0.27586206896551724,0.3673469387755102,0.3673469387755102,0.27586206896551724,0.3673469387755102,0.3469387755102041,0.3469387755102041,0.3023255813953488
CMPD_128,EC,urea,O=C([CH]CNC(=O)Nc1ncc2cc(-c3c(Cl)cccc3Cl)cnc2n1)NO,0.2923076923076923,0.275,0.2923076923076923,0.3125,0.3125,0.2923076923076923,0.2638888888888889,0.25925925925925924,0.2638888888888889
CMPD_129,EC,amide,CC(C)c1ccc2c(c1)CC[C@H]1[C@](C)(CNC(=O)C[C@@H](C[S+][O-])CC(=O)O)CCC[C@]21C,0.6617647058823529,0.6617647058823529,0.5441176470588235,0.6617647058823529,0.5866666666666667,0.6617647058823529,0.6617647058823529,0.5866666666666667,0.6617647058823529
CMPD_130,EC,urea,CCN(CCC(C)F)C(=O)NC[CH]C[C@](C)(C(=O)NO)S(C)(=O)=O,0.3333333333333333,0.2916666666666667,0.3333333333333333,0.2923076923076923,0.2923076923076923,0.273972602739726,0.24561403508771928,0.189873417721519,0.24561403508771928
CMPD_131,EC,urea,CCNc1cc(F)ccc1NC(=O)NC[CH]C(=O)NO,0.3584905660377358,0.34328358208955223,0.3584905660377358,0.3584905660377358,0.3584905660377358,0.34328358208955223,0.34328358208955223,0.34328358208955223,0.34328358208955223
CMPD_132,EC,urea,[2H]C([2H])([2H])N(CCC(C)F)C(=O)NC[CH]C(=O)NO,0.22,0.18181818181818182,0.22,0.22,0.22,0.20634920634920634,0.20408163265306123,0.19298245614035087,0.20408163265306123
CMPD_133,EC,amide,C#Cc1ccc2c(c1)CC[C@@H]2N(C(=O)Cc1ccc(O)c(O)c1)[C@H](C(=O)NO)[C@@H](C)O,0.2727272727272727,0.2727272727272727,0.26436781609195403,0.39759036144578314,0.39759036144578314,0.26153846153846155,0.24691358024691357,0.24691358024691357,0.24691358024691357
CMPD_134,EC,amide,O=C(O)C[C@H](C[S+][O-])CC(=O)NC[C@H](O)c1ccccc1,0.36,0.36,0.328125,0.37735849056603776,0.36,0.37735849056603776,0.36,0.3076923076923077,0.36
CMPD_135,EC,urea,C[C@@](C[CH]CNC(=O)NCc1ccc(-c2ccccc2C#N)cc1)(C(=O)NO)S(C)(=O)=O,0.45588235294117646,0.45588235294117646,0.44776119402985076,0.4307692307692308,0.4307692307692308,0.3157894736842105,0.3103448275862069,0.3103448275862069,0.3
CMPD_136,EC,amide,O=C(Cc1ccc(O)c(O)c1)Nc1ncc2cc(-c3c(Cl)cccc3Cl)cnc2n1,0.3387096774193548,0.3382352941176471,0.3387096774193548,0.3382352941176471,0.32857142857142857,0.3382352941176471,0.3492063492063492,0.3382352941176471,0.3492063492063492
CMPD_137,EC,amide,Cc1ccc2[nH]c(N(CCC#N)C(=O)C[C@@H](C[S+][O-])CC(=O)O)nc2n1,0.24285714285714285,0.22666666666666666,0.24285714285714285,0.3076923076923077,0.3076923076923077,0.2872340425531915,0.24285714285714285,0.1956521739130435,0.24285714285714285
CMPD_138,EC,urea,Cc1noc(N(C(=O)NC[CH]C(=O)NO)S(=O)(=O)c2ccccc2)c1C,0.3582089552238806,0.30120481927710846,0.3582089552238806,0.3582089552238806,0.34210526315789475,0.3582089552238806,0.3582089552238806,0.24615384615384617,0.3582089552238806
CMPD_139,EC,urea,[2H]C([2H])([2H])N(CCC(C)F)C(=O)NC[CH]C[C@](C)(C(=O)NO)S(C)(=O)=O,0.328125,0.2876712328767123,0.328125,0.2878787878787879,0.2878787878787879,0.2702702702702703,0.2,0.1728395061728395,0.2
CMPD_140,EC,amide,Nc1ncc2ccc(NC(=O)Cc3ccc(O)c(O)c3)nc2n1,0.3448275862068966,0.3333333333333333,0.3448275862068966,0.3333333333333333,0.3275862068965517,0.3333333333333333,0.3448275862068966,0.3333333333333333,0.3448275862068966
CMPD_141,EC,urea,C[C@@](C[CH]CNC(=O)N[C@H](CC#N)c1cccc(Cl)c1)(C(=O)NO)S(C)(=O)=O,0.4225352112676056,0.4225352112676056,0.34328358208955223,0.35526315789473684,0.35526315789473684,0.2911392405063291,0.2911392405063291,0.2289156626506024,0.2911392405063291
CMPD_142,EC,urea,CCNc1cc(F)ccc1NC(=O)NC[CH]C[C@](C)(C(=O)NO)S(C)(=O)=O,0.40625,0.3380281690140845,0.40625,0.3283582089552239,0.3283582089552239,0.30120481927710846,0.2948717948717949,0.2948717948717949,0.2948717948717949
CMPD_143,EC,urea,[2H]C([2H])([2H])Nc1cc(F)ccc1NC(=O)NC[CH]C(=O)NO,0.32727272727272727,0.3188405797101449,0.32727272727272727,0.32727272727272727,0.32727272727272727,0.3188405797101449,0.3188405797101449,0.3188405797101449,0.3188405797101449
CMPD_144,EC,amide,O=C(O)C[C@H](C[S+][O-])CC(=O)Nc1ncc2cc(-c3c(Cl)cccc3Cl)cnc2n1,0.28125,0.2676056338028169,0.28125,0.3076923076923077,0.3076923076923077,0.25842696629213485,0.25396825396825395,0.24285714285714285,0.25396825396825395
CMPD_145,EC,amide,CC(NCCC(=O)N/N=C/c1c(O)ccc2ccccc12)NC(=O)Cc1ccc(O)c(O)c1,0.5217391304347826,0.3888888888888889,0.5217391304347826,0.5217391304347826,0.4861111111111111,0.5217391304347826,0.5217391304347826,0.43283582089552236,0.5217391304347826
CMPD_146,EC,amide,N=CNC(=O)Cc1ccc(O)c(O)c1,0.45161290322580644,0.45161290322580644,0.45161290322580644,0.45161290322580644,0.4146341463414634,0.45161290322580644,0.45161290322580644,0.4375,0.45161290322580644
CMPD_147,EC,urea,O=C([CH]CNC(=O)NCNCc1ccccc1Cl)NO,0.38181818181818183,0.38181818181818183,0.3620689655172414,0.38181818181818183,0.37037037037037035,0.38181818181818183,0.3620689655172414,0.28846153846153844,0.3620689655172414
CMPD_148,EC,amide,CC(C)C(ONC(=O)Cc1ccc(O)c(O)c1)c1cc(=O)c(O)cn1O,0.35384615384615387,0.35384615384615387,0.35384615384615387,0.35384615384615387,0.35294117647058826,0.35384615384615387,0.35384615384615387,0.35384615384615387,0.35384615384615387
CMPD_149,EC,urea,[2H]C([2H])([2H])Nc1cc(F)ccc1NC(=O)NC[CH]C[C@](C)(C(=O)NO)S(C)(=O)=O,0.4,0.3333333333333333,0.4,0.3235294117647059,0.3235294117647059,0.3132530120481928,0.275,0.275,0.275
CMPD_150,EC,amide,N=CNC(=O)C[C@@H](C[S+][O-])CC(=O)O,0.2222222222222222,0.19047619047619047,0.2222222222222222,0.2222222222222222,0.19607843137254902,0.2222222222222222,0.21951219512195122,0.20454545454545456,0.21951219512195122
CMPD_151,EC,urea,Cc1noc(N(C(=O)NC[CH]C[C@](C)(C(=O)NO)S(C)(=O)=O)S(=O)(=O)c2ccccc2)c1C,0.39705882352941174,0.352112676056338,0.39705882352941174,0.35714285714285715,0.35714285714285715,0.3157894736842105,0.3157894736842105,0.21951219512195122,0.3157894736842105
CMPD_152,EC,urea,O=C([CH]CNC(=O)Nc1ccc(CO)cc1F)NO,0.32075471698113206,0.31343283582089554,0.32075471698113206,0.32075471698113206,0.32075471698113206,0.3137254901960784,0.3137254901960784,0.31343283582089554,0.3137254901960784
CMPD_153,EC,urea,C[C@@](C[CH]CNC(=O)NCNCc1ccccc1Cl)(C(=O)NO)S(C)(=O)=O,0.4,0.38235294117647056,0.4,0.4,0.375,0.4,0.4,0.275,0.4
CMPD_154,EC,urea,O=C([CH]CNC(=O)NC[C@H](O)c1ccccc1)NO,0.3898305084745763,0.3,0.3898305084745763,0.3333333333333333,0.32,0.3333333333333333,0.3333333333333333,0.2830188679245283,0.3333333333333333
CMPD_155,EC,amide,Nc1ncc2ccc(NC(=O)C[C@@H](C[S+][O-])CC(=O)O)nc2n1,0.25396825396825395,0.23376623376623376,0.25396825396825395,0.2698412698412698,0.2698412698412698,0.25396825396825395,0.25396825396825395,0.22077922077922077,0.25396825396825395
CMPD_156,EC,urea,C[C@@](C[CH]CNC(=O)Nc1ncc2cc(-c3c(Cl)cccc3Cl)cnc2n1)(C(=O)NO)S(C)(=O)=O,0.35443037974683544,0.35443037974683544,0.3333333333333333,0.3157894736842105,0.3157894736842105,0.2631578947368421,0.25609756097560976,0.2289156626506024,0.25609756097560976
CMPD_157,EC,urea,Cc1ccc2[nH]c(N(CCC#N)C(=O)NC[CH]C(=O)NO)nc2n1,0.2564102564102564,0.21518987341772153,0.2564102564102564,0.32,0.32,0.2967032967032967,0.23529411764705882,0.2077922077922078,0.23529411764705882
CMPD_158,EC,urea,C[C@@](C[CH]CNC(=O)Nc1ccc(CO)cc1F)(C(=O)NO)S(C)(=O)=O,0.42424242424242425,0.42424242424242425,0.4126984126984127,0.375,0.375,0.32098765432098764,0.28205128205128205,0.28205128205128205,0.25396825396825395
CMPD_159,EC,urea,N=C(NC(=O)NC[CH]C(=O)NO)c1ccccc1,0.391304347826087,0.3076923076923077,0.391304347826087,0.391304347826087,0.29411764705882354,0.391304347826087,0.3404255319148936,0.3404255319148936,0.325
CMPD_160,EC,amide,CCCN(C(=O)Cc1ccc(O)c(O)c1)[C@H](C(=O)NO)[C@@H](C)O,0.3508771929824561,0.3125,0.3508771929824561,0.3541666666666667,0.3541666666666667,0.3541666666666667,0.3125,0.3125,0.3125
CMPD_161,EC,urea,CC(C)c1ccc2c(c1)CC[C@H]1[C@](C)(CNC(=O)NC[CH]C[C@](C)(C(=O)NO)S(C)(=O)=O)CCC[C@]21C,0.6081081081081081,0.6081081081081081,0.5205479452054794,0.6081081081081081,0.5432098765432098,0.6081081081081081,0.6081081081081081,0.5432098765432098,0.6081081081081081
CMPD_162,EC,urea,Cc1ccc2[nH]c(N(CCC#N)C(=O)NC[CH]C[C@](C)(C(=O)NO)S(C)(=O)=O)nc2n1,0.3125,0.275,0.3125,0.29411764705882354,0.29411764705882354,0.27722772277227725,0.20481927710843373,0.19480519480519481,0.20481927710843373
CMPD_163,EC,amide,C#Cc1ccc2c(c1)CC[C@@H]2N(C(=O)C[C@@H](C[S+][O-])CC(=O)O)[C@H](C(=O)NO)[C@@H](C)O,0.2625,0.2625,0.23333333333333334,0.4155844155844156,0.4155844155844156,0.26373626373626374,0.20202020202020202,0.20202020202020202,0.1956521739130435
CMPD_164,EC,amide,CC(C)C(ONC(=O)C[C@@H](C[S+][O-])CC(=O)O)c1cc(=O)c(O)cn1O,0.2537313432835821,0.2537313432835821,0.23529411764705882,0.32978723404255317,0.32978723404255317,0.3263157894736842,0.22727272727272727,0.22727272727272727,0.2028985507246377
CMPD_165,EC,urea,C[C@@](C[CH]CNC(=O)NC(=N)c1ccccc1)(C(=O)NO)S(C)(=O)=O,0.4716981132075472,0.43103448275862066,0.4716981132075472,0.43859649122807015,0.43859649122807015,0.3333333333333333,0.2982456140350877,0.2982456140350877,0.2727272727272727
CMPD_166,EC,urea,N=CNC(=O)NC[CH]C(=O)NO,0.2564102564102564,0.20930232558139536,0.2564102564102564,0.21621621621621623,0.21428571428571427,0.21621621621621623,0.21621621621621623,0.20930232558139536,0.21621621621621623
CMPD_167,EC,amide,CC(NCCC(=O)N/N=C/c1c(O)ccc2ccccc12)NC(=O)C[C@@H](C[S+][O-])CC(=O)O,0.4666666666666667,0.36363636363636365,0.4666666666666667,0.4666666666666667,0.45454545454545453,0.4666666666666667,0.4666666666666667,0.4027777777777778,0.4666666666666667
CMPD_168,EC,urea,C[C@@](C[CH]CNC(=O)NC[C@H](O)c1ccccc1)(C(=O)NO)S(C)(=O)=O,0.45454545454545453,0.4166666666666667,0.45454545454545453,0.423728813559322,0.423728813559322,0.3448275862068966,0.3333333333333333,0.2542372881355932,0.3333333333333333
CMPD_169,EC,amide,O=C(Cc1ccc(O)c(O)c1)NOCc1cc(=O)c(O)cn1O,0.35714285714285715,0.35714285714285715,0.34782608695652173,0.3387096774193548,0.3103448275862069,0.3387096774193548,0.34782608695652173,0.3387096774193548,0.34782608695652173
CMPD_170,EC,amide,O=C(O)C[C@H](C[S+][O-])CC(=O)NOCc1cc(=O)c(O)cn1O,0.24615384615384617,0.24615384615384617,0.234375,0.2903225806451613,0.2903225806451613,0.2755102040816326,0.20833333333333334,0.20833333333333334,0.20833333333333334
CMPD_171,EC,amide,CS[C@@H](CNNNC(=O)Cc1ccc(O)c(O)c1)N(O)C=O,0.34375,0.34375,0.34375,0.34375,0.3137254901960784,0.34375,0.34375,0.34375,0.34375
CMPD_172,EC,amide,CCCN(C(=O)C[C@@H](C[S+][O-])CC(=O)O)[C@H](C(=O)NO)[C@@H](C)O,0.22807017543859648,0.22807017543859648,0.21153846153846154,0.2698412698412698,0.2698412698412698,0.23809523809523808,0.25,0.25,0.20967741935483872
CMPD_173,EC,urea,N=Nc1sc(NC(=O)NC[CH]C(=O)NO)nc1-c1ccc(NC(=O)c2ccccc2)cc1,0.36764705882352944,0.352112676056338,0.36764705882352944,0.45588235294117646,0.45588235294117646,0.358974358974359,0.352112676056338,0.352112676056338,0.34375
CMPD_174,EC,amide,N=Nc1sc(NC(=O)Cc2ccc(O)c(O)c2)nc1-c1ccc(NC(=O)c2ccccc2)cc1,0.375,0.375,0.36231884057971014,0.4492753623188406,0.4492753623188406,0.35443037974683544,0.375,0.375,0.3384615384615385
CMPD_175,EC,urea,C#Cc1ccc2c(c1)CC[C@@H]2N(C(=O)NC[CH]C(=O)NO)[C@H](C(=O)NO)[C@@H](C)O,0.27631578947368424,0.27631578947368424,0.25882352941176473,0.4,0.4,0.26136363636363635,0.2111111111111111,0.21052631578947367,0.2111111111111111
CMPD_176,EC,urea,C[C@@](C[CH]CNC(=O)Nc1ccc2cnc(N)nc2n1)(C(=O)NO)S(C)(=O)=O,0.3333333333333333,0.30985915492957744,0.3333333333333333,0.3142857142857143,0.3142857142857143,0.2948717948717949,0.21978021978021978,0.20481927710843373,0.21978021978021978
CMPD_177,EC,amide,C[C@@H](O)[C@@H](NC(=O)N1CCN(C(=O)Cc2ccc(O)c(O)c2)CC1)C(=O)NO,0.391304347826087,0.29850746268656714,0.391304347826087,0.532258064516129,0.532258064516129,0.45454545454545453,0.3246753246753247,0.3246753246753247,0.29850746268656714
CMPD_178,EC,urea,C[C@@](C[CH]CNC(=O)NC=N)(C(=O)NO)S(C)(=O)=O,0.3877551020408163,0.35185185185185186,0.3877551020408163,0.3584905660377358,0.3584905660377358,0.3064516129032258,0.21311475409836064,0.18032786885245902,0.21311475409836064
CMPD_179,EC,amide,C[C@@H](O)[C@@H](NC(=O)N1CCN(C(=O)C[C@@H](C[S+][O-])CC(=O)O)CC1)C(=O)NO,0.2972972972972973,0.21428571428571427,0.2972972972972973,0.45901639344262296,0.45901639344262296,0.391304347826087,0.22807017543859648,0.20833333333333334,0.22807017543859648
CMPD_180,EC,urea,CC(NCCC(=O)N/N=C/c1c(O)ccc2ccccc12)NC(=O)NC[CH]C(=O)NO,0.4861111111111111,0.3972602739726027,0.4861111111111111,0.4861111111111111,0.47368421052631576,0.4861111111111111,0.4861111111111111,0.42028985507246375,0.4861111111111111
CMPD_181,EC,urea,Nc1ncc2ccc(NC(=O)NC[CH]C(=O)NO)nc2n1,0.3333333333333333,0.2857142857142857,0.3333333333333333,0.3333333333333333,0.288135593220339,0.3333333333333333,0.24242424242424243,0.23333333333333334,0.24242424242424243
CMPD_182,EC,amide,CC(C)(NC(=O)Cc1ccc(O)c(O)c1)[C@H](NC=O)C(=O)NO,0.3548387096774194,0.3548387096774194,0.3548387096774194,0.3548387096774194,0.3275862068965517,0.3548387096774194,0.3548387096774194,0.3548387096774194,0.3548387096774194
CMPD_183,EC,amide,N=Nc1sc(NC(=O)C[C@@H](C[S+][O-])CC(=O)O)nc1-c1ccc(NC(=O)c2ccccc2)cc1,0.34146341463414637,0.3246753246753247,0.34146341463414637,0.4305555555555556,0.4305555555555556,0.34146341463414637,0.3246753246753247,0.3246753246753247,0.3235294117647059
CMPD_184,EC,urea,CC(C)C(ONC(=O)NC[CH]C(=O)NO)c1cc(=O)c(O)cn1O,0.28125,0.28125,0.25,0.36666666666666664,0.36666666666666664,0.36666666666666664,0.24615384615384617,0.234375,0.24615384615384617
CMPD_185,EC,urea,C[C@@H](O)[C@@H](NC(=O)N1CCN(C(=O)NC[CH]C(=O)NO)CC1)C(=O)NO,0.3283582089552239,0.2638888888888889,0.3283582089552239,0.5185185185185185,0.5185185185185185,0.45901639344262296,0.25,0.25,0.24
CMPD_186,EC,amide,CC(C)(NC(=O)C[C@@H](C[S+][O-])CC(=O)O)[C@H](NC=O)C(=O)NO,0.225,0.21666666666666667,0.225,0.23529411764705882,0.23529411764705882,0.234375,0.23529411764705882,0.19402985074626866,0.23529411764705882
CMPD_187,EC,urea,CCCN(C(=O)NC[CH]C(=O)NO)[C@H](C(=O)NO)[C@@H](C)O,0.24528301886792453,0.24528301886792453,0.24,0.24615384615384617,0.24615384615384617,0.2413793103448276,0.2222222222222222,0.22077922077922077,0.2222222222222222
CMPD_188,EC,amide,CS[C@@H](CNNNC(=O)C[C@@H](C[S+][O-])CC(=O)O)N(O)C=O,0.22727272727272727,0.18309859154929578,0.22727272727272727,0.22727272727272727,0.21176470588235294,0.22727272727272727,0.19047619047619047,0.19047619047619047,0.1791044776119403
CMPD_189,EC,urea,O=C([CH]CNC(=O)NOCc1cc(=O)c(O)cn1O)NO,0.26229508196721313,0.26229508196721313,0.25,0.30337078651685395,0.30337078651685395,0.29473684210526313,0.23214285714285715,0.23214285714285715,0.22950819672131148
CMPD_190,EC,urea,C[C@@](C[CH]CNC(=O)NOCc1cc(=O)c(O)cn1O)(C(=O)NO)S(C)(=O)=O,0.32857142857142857,0.2876712328767123,0.32857142857142857,0.3076923076923077,0.3076923076923077,0.3023255813953488,0.2261904761904762,0.19444444444444445,0.2261904761904762
CMPD_191,EC,urea,CC(C)(NC(=O)NC[CH]C(=O)NO)[C@H](NC=O)C(=O)NO,0.2708333333333333,0.21311475409836064,0.2708333333333333,0.2708333333333333,0.2708333333333333,0.23404255319148937,0.21428571428571427,0.21428571428571427,0.20634920634920634
CMPD_192,EC,urea,CS[C@@H](CNNNC(=O)NC[CH]C(=O)NO)N(O)C=O,0.22641509433962265,0.20512820512820512,0.22641509433962265,0.2375,0.2375,0.21212121212121213,0.2,0.2,0.19672131147540983
CMPD_193,EC,urea,CCCN(C(=O)NC[CH]C[C@](C)(C(=O)NO)S(C)(=O)=O)[C@H](C(=O)NO)[C@@H](C)O,0.3230769230769231,0.28378378378378377,0.3230769230769231,0.2835820895522388,0.2835820895522388,0.26666666666666666,0.2191780821917808,0.18181818181818182,0.2191780821917808
CMPD_194,EC,urea,CC(C)(NC(=O)NC[CH]C[C@](C)(C(=O)NO)S(C)(=O)=O)[C@H](NC=O)C(=O)NO,0.31746031746031744,0.3125,0.31746031746031744,0.296875,0.296875,0.2602739726027397,0.18571428571428572,0.18571428571428572,0.18055555555555555
CMPD_195,EC,urea,CC(C)C(ONC(=O)NC[CH]C[C@](C)(C(=O)NO)S(C)(=O)=O)c1cc(=O)c(O)cn1O,0.3287671232876712,0.2926829268292683,0.3287671232876712,0.34,0.33,0.34,0.2159090909090909,0.1978021978021978,0.2159090909090909
CMPD_196,EC,urea,CS[C@@H](CNNNC(=O)NC[CH]C[C@](C)(C(=O)NO)S(C)(=O)=O)N(O)C=O,0.2898550724637681,0.2857142857142857,0.2898550724637681,0.2714285714285714,0.2714285714285714,0.2564102564102564,0.18181818181818182,0.17105263157894737,0.18181818181818182
CMPD_197,EC,urea,C#Cc1ccc2c(c1)CC[C@@H]2N(C(=O)NC[CH]C[C@](C)(C(=O)NO)S(C)(=O)=O)[C@H](C(=O)NO)[C@@H](C)O,0.3058823529411765,0.30337078651685395,0.3058823529411765,0.3488372093023256,0.3488372093023256,0.2608695652173913,0.19387755102040816,0.18867924528301888,0.19387755102040816
CMPD_198,EC,urea,C[C@@H](O)[C@@H](NC(=O)N1CCN(C(=O)NC[CH]C[C@](C)(C(=O)NO)S(C)(=O)=O)CC1)C(=O)NO,0.3181818181818182,0.28,0.3181818181818182,0.4090909090909091,0.4090909090909091,0.3698630136986301,0.2111111111111111,0.2111111111111111,0.20930232558139536
CMPD_199,EC,urea,CC(NCCC(=O)N/N=C/c1c(O)ccc2ccccc12)NC(=O)NC[CH]C[C@](C)(C(=O)NO)S(C)(=O)=O,0.4444444444444444,0.3493975903614458,0.4444444444444444,0.4444444444444444,0.4166666666666667,0.4444444444444444,0.4444444444444444,0.3670886075949367,0.4444444444444444
CMPD_200,EC,urea,C[C@@](C[CH]CNC(=O)Nc1nc(-c2ccc(NC(=O)c3ccccc3)cc2)c(N=N)s1)(C(=O)NO)S(C)(=O)=O,0.3684210526315789,0.34615384615384615,0.3684210526315789,0.39759036144578314,0.39759036144578314,0.3111111111111111,0.34146341463414637,0.34146341463414637,0.2894736842105263
CMPD_201,CA,amide,CCC(C)N(Cc1ccccc1)C(=O)[C@H](Cn1ccnc1)NC=O,0.40625,0.38235294117647056,0.40625,0.40625,0.32,0.40625,0.44776119402985076,0.44776119402985076,0.43283582089552236
CMPD_202,CA,amide,NC(O)CC(=O)N(C1=CCc2ccncc2C1)c1ccccc1,0.2537313432835821,0.2537313432835821,0.24242424242424243,0.2537313432835821,0.24050632911392406,0.2537313432835821,0.2537313432835821,0.24242424242424243,0.2537313432835821
CMPD_203,CA,amide,CCC(C)N(Cc1ccccc1)C(=O)[C@H](Cn1ccnc1)NC(=O)C(N)S,0.38235294117647056,0.3611111111111111,0.38235294117647056,0.38235294117647056,0.3150684931506849,0.38235294117647056,0.4492753623188406,0.44285714285714284,0.4492753623188406
CMPD_204,CA,amide,NC(O)CC(=O)N(/N=C/c1ccc(Cl)cc1Cl)c1nccs1,0.35714285714285715,0.35714285714285715,0.3333333333333333,0.35714285714285715,0.35714285714285715,0.35064935064935066,0.3333333333333333,0.3218390804597701,0.3333333333333333
CMPD_205,CA,amide,O=CN[C@@H](Cn1ccnc1)C(=O)N(C(=S)S)c1ccccc1,0.42592592592592593,0.3870967741935484,0.42592592592592593,0.42592592592592593,0.3283582089552239,0.42592592592592593,0.42857142857142855,0.42857142857142855,0.42592592592592593
CMPD_206,CA,amide,NC(O)CC(=O)N(CCc1cccnc1)c1ccccc1,0.3508771929824561,0.31746031746031744,0.3508771929824561,0.3559322033898305,0.3559322033898305,0.3508771929824561,0.3508771929824561,0.3508771929824561,0.34
CMPD_207,CA,amide,NC(O)CC(=O)N(CCN1CCCCC1)Cc1ccccc1,0.453125,0.3387096774193548,0.453125,0.453125,0.3387096774193548,0.453125,0.453125,0.3142857142857143,0.453125
CMPD_208,CA,amide,CCC(C)N(Cc1ccccc1)C(=O)CC(N)O,0.36363636363636365,0.35714285714285715,0.36363636363636365,0.36363636363636365,0.35714285714285715,0.36363636363636365,0.35714285714285715,0.35714285714285715,0.34782608695652173
CMPD_209,CA,amide,CCCCCCCCN(C(=O)[C@H](Cn1ccnc1)NC(=O)C(N)S)C(C)CC,0.3508771929824561,0.3508771929824561,0.3508771929824561,0.3508771929824561,0.3508771929824561,0.3508771929824561,0.3611111111111111,0.3561643835616438,0.3611111111111111
CMPD_210,CA,amide,CCCCCCCCN(C(=O)CC(N)O)C(C)CC,0.475,0.475,0.3888888888888889,0.475,0.475,0.4634146341463415,0.3684210526315789,0.3684210526315789,0.32558139534883723
CMPD_211,CA,amide,NC(S)C(=O)N[C@@H](Cn1ccnc1)C(=O)N(C(=S)S)c1ccccc1,0.3793103448275862,0.36923076923076925,0.3793103448275862,0.3793103448275862,0.3333333333333333,0.3793103448275862,0.43283582089552236,0.4307692307692308,0.43283582089552236
CMPD_212,CA,amide,CCCCCCCCN(C(=O)[C@H](Cn1ccnc1)NC=O)C(C)CC,0.37735849056603776,0.37735849056603776,0.37735849056603776,0.37735849056603776,0.37735849056603776,0.37735849056603776,0.37735849056603776,0.37735849056603776,0.34285714285714286
CMPD_213,CA,amide,CCCCCCCCCN(C(=O)CC(N)O)C(C)CC,0.475,0.475,0.3888888888888889,0.475,0.475,0.4634146341463415,0.3684210526315789,0.3684210526315789,0.32558139534883723
CMPD_214,CA,amide,NC(O)CC(=O)N(C(=S)S)c1ccccc1,0.3170731707317073,0.3170731707317073,0.3076923076923077,0.3170731707317073,0.3170731707317073,0.3076923076923077,0.3170731707317073,0.3170731707317073,0.30434782608695654
CMPD_215,CA,amide,CCCCCCCCCN(C(=O)[C@H](Cn1ccnc1)NC(=O)C(N)S)C(C)CC,0.3508771929824561,0.3508771929824561,0.3508771929824561,0.3508771929824561,0.3508771929824561,0.3508771929824561,0.3611111111111111,0.3561643835616438,0.3611111111111111
CMPD_216,CA,amide,NC(O)CC(=O)N(Cc1ccco1)c1ccc2oc(-c3ccccc3)nc2c1,0.4067796610169492,0.38571428571428573,0.4067796610169492,0.4067796610169492,0.4067796610169492,0.3058823529411765,0.38571428571428573,0.38571428571428573,0.3058823529411765
CMPD_217,CA,amide,CCCCCCCCCN(C(=O)[C@H](Cn1ccnc1)NC=O)C(C)CC,0.37735849056603776,0.37735849056603776,0.37735849056603776,0.37735849056603776,0.37735849056603776,0.37735849056603776,0.37735849056603776,0.37735849056603776,0.34285714285714286
CMPD_218,CA,amide,CCCCCCCCCCN(C(=O)CC(N)O)C(C)CC,0.475,0.475,0.3888888888888889,0.475,0.475,0.4634146341463415,0.3684210526315789,0.3684210526315789,0.32558139534883723
CMPD_219,CA,amide,CCCCCCCCCCCCCCNC(=O)CC(N)O,0.5833333333333334,0.5833333333333334,0.5428571428571428,0.5833333333333334,0.5833333333333334,0.5428571428571428,0.5833333333333334,0.5428571428571428,0.5833333333333334
CMPD_220,CA,amide,O=CN[C@@H](Cn1ccnc1)C(=O)N(NC=O)c1cccc(Cl)c1,0.39705882352941174,0.39705882352941174,0.36363636363636365,0.39705882352941174,0.375,0.39705882352941174,0.463768115942029,0.463768115942029,0.4444444444444444
CMPD_221,CA,amide,CC1=C(NC(=O)CC(N)O)c2nc3ccccc3n2C1,0.32857142857142857,0.328125,0.32857142857142857,0.32857142857142857,0.328125,0.32857142857142857,0.35714285714285715,0.35714285714285715,0.328125
CMPD_222,CA,amide,COc1ccc(NC(NC(=O)CC(N)O)N(C=O)c2ccc(OC)cc2)cc1,0.3275862068965517,0.29411764705882354,0.3275862068965517,0.3275862068965517,0.3064516129032258,0.3275862068965517,0.32142857142857145,0.3076923076923077,0.32142857142857145
CMPD_223,CA,amide,CC([Se])NC(=O)[C@H](Cn1ccnc1)NC=O,0.36,0.34615384615384615,0.36,0.36,0.2857142857142857,0.36,0.47368421052631576,0.42857142857142855,0.47368421052631576
CMPD_224,CA,amide,COC[C@](C)(NC(=O)[C@H](Cn1ccnc1)NC=O)C(C)C,0.3333333333333333,0.3235294117647059,0.3333333333333333,0.3333333333333333,0.2602739726027397,0.3333333333333333,0.3787878787878788,0.3787878787878788,0.373134328358209
CMPD_225,CA,amide,O=CN[C@@H](Cn1ccnc1)C(=O)NC(O)CSc1ccccc1,0.4444444444444444,0.38095238095238093,0.4444444444444444,0.4444444444444444,0.30434782608695654,0.4444444444444444,0.46875,0.4444444444444444,0.46875
CMPD_226,CA,amide,NC(O)CC(=O)N(CCCn1cncn1)Cc1ccccc1,0.38596491228070173,0.35384615384615387,0.38596491228070173,0.38596491228070173,0.359375,0.38596491228070173,0.42592592592592593,0.3684210526315789,0.42592592592592593
CMPD_227,CA,amide,CCCCCCCCCCCCCCNC(=O)[C@H](Cn1ccnc1)NC=O,0.43478260869565216,0.43478260869565216,0.43478260869565216,0.43478260869565216,0.43478260869565216,0.43478260869565216,0.43478260869565216,0.43478260869565216,0.40625
CMPD_228,CA,amide,NC(O)CC(=O)N(CNNCc1ccncc1)c1ccccc1,0.35714285714285715,0.28125,0.35714285714285715,0.35714285714285715,0.35714285714285715,0.29850746268656714,0.3541666666666667,0.3333333333333333,0.3541666666666667
CMPD_229,CA,amide,O=CN[C@@H](Cn1ccnc1)C(=O)NC(O)COc1ccc(Cl)cc1,0.4642857142857143,0.4642857142857143,0.42857142857142855,0.4642857142857143,0.3125,0.4642857142857143,0.4642857142857143,0.4492753623188406,0.4642857142857143
CMPD_230,CA,amide,NC(O)CC(=O)N(Cc1cc2ccccc2o1)c1ccc2oc(-c3ccccc3)nc2c1,0.4696969696969697,0.4696969696969697,0.4067796610169492,0.4067796610169492,0.4067796610169492,0.30985915492957744,0.4696969696969697,0.4696969696969697,0.32941176470588235
CMPD_231,CA,amide,CCC(C)c1nc2cc(C(=N)NC(=O)CC(N)O)ccc2[nH]1,0.417910447761194,0.417910447761194,0.36619718309859156,0.3333333333333333,0.3333333333333333,0.3333333333333333,0.4117647058823529,0.4117647058823529,0.3333333333333333
CMPD_232,CA,amide,CC([Se])NC(=O)CC(N)O,0.30303030303030304,0.2972972972972973,0.30303030303030304,0.30303030303030304,0.2962962962962963,0.30303030303030304,0.30303030303030304,0.28125,0.30303030303030304
CMPD_233,CA,amide,CC([Se])NC(=O)[C@H](Cn1ccnc1)NC(=O)C(N)S,0.3448275862068966,0.3333333333333333,0.3448275862068966,0.3448275862068966,0.28125,0.3448275862068966,0.4827586206896552,0.423728813559322,0.4827586206896552
CMPD_234,CA,amide,CN1CCC(=NNC(=O)[C@H](Cn2ccnc2)NC=O)CC1,0.39655172413793105,0.3230769230769231,0.39655172413793105,0.39655172413793105,0.2987012987012987,0.39655172413793105,0.39655172413793105,0.35294117647058826,0.39655172413793105
CMPD_235,CA,amide,CCCCCCCCCCCCN(C(=O)[C@H](Cn1ccnc1)NC=O)C(C)CC,0.37735849056603776,0.37735849056603776,0.37735849056603776,0.37735849056603776,0.37735849056603776,0.37735849056603776,0.37735849056603776,0.37735849056603776,0.34285714285714286
CMPD_236,CA,amide,CCCCCCCCCCCCN(C(=O)CC(N)O)C(C)CC,0.475,0.475,0.3888888888888889,0.475,0.475,0.4634146341463415,0.3684210526315789,0.3684210526315789,0.32558139534883723
CMPD_237,CA,amide,CCCCCCCCCCCCCCNC(=O)[C@H](Cn1ccnc1)NC(=O)C(N)S,0.4117647058823529,0.4117647058823529,0.40816326530612246,0.4117647058823529,0.4117647058823529,0.40816326530612246,0.4307692307692308,0.40816326530612246,0.4307692307692308
CMPD_238,CA,amide,CCCCCCCCCCCCCCN(C(=O)CC(N)O)C(C)CC,0.475,0.475,0.3888888888888889,0.475,0.475,0.4634146341463415,0.3684210526315789,0.3684210526315789,0.32558139534883723
CMPD_239,CA,amide,CC(C)[C@](C)(CO)NC(=O)[C@H](Cn1ccnc1)NC=O,0.3492063492063492,0.3384615384615385,0.3492063492063492,0.3492063492063492,0.2602739726027397,0.3492063492063492,0.390625,0.373134328358209,0.390625
CMPD_240,CA,amide,COc1cccc(N(NC=O)C(=O)[C@H](Cn2ccnc2)NC=O)c1,0.36486486486486486,0.36486486486486486,0.3582089552238806,0.36486486486486486,0.32,0.36486486486486486,0.4125,0.4125,0.4025974025974026
CMPD_241,CA,amide,COc1ccc(N(NC=O)C(=O)[C@H](Cn2ccnc2)NC=O)cc1,0.37681159420289856,0.3380281690140845,0.37681159420289856,0.37681159420289856,0.37681159420289856,0.359375,0.4576271186440678,0.4266666666666667,0.4576271186440678
CMPD_242,CA,amide,COC[C@](C)(NC(=O)CC(N)O)C(C)C,0.32558139534883723,0.32558139534883723,0.2857142857142857,0.32558139534883723,0.2857142857142857,0.32558139534883723,0.2549019607843137,0.2549019607843137,0.25
CMPD_243,CA,amide,COC[C@](C)(NC(=O)[C@H](Cn1ccnc1)NC(=O)C(N)S)C(C)C,0.3188405797101449,0.30985915492957744,0.3188405797101449,0.3188405797101449,0.26666666666666666,0.3188405797101449,0.39705882352941174,0.38235294117647056,0.39705882352941174
CMPD_244,CA,amide,O=CN[C@@H](Cn1ccnc1)C(=O)NC(O)COc1ccccc1,0.4444444444444444,0.4032258064516129,0.4444444444444444,0.4444444444444444,0.30434782608695654,0.4444444444444444,0.46875,0.453125,0.46875
CMPD_245,CA,amide,NC(O)CC(=O)N(NC=O)c1cccc(Cl)c1,0.3584905660377358,0.28125,0.3584905660377358,0.3584905660377358,0.28125,0.3584905660377358,0.3584905660377358,0.2909090909090909,0.3584905660377358
CMPD_246,CA,amide,NC(O)CC(=O)NC(O)CSc1ccccc1,0.45,0.30952380952380953,0.45,0.45,0.30952380952380953,0.45,0.45,0.3125,0.45
CMPD_247,CA,amide,NC(O)CC(=O)NC=S,0.2619047619047619,0.24444444444444444,0.2619047619047619,0.2619047619047619,0.25,0.2619047619047619,0.3125,0.21428571428571427,0.3125
CMPD_248,CA,amide,NC(S)C(=O)N[C@@H](Cn1ccnc1)C(=O)N(NC=O)c1cccc(Cl)c1,0.36,0.36,0.3291139240506329,0.36,0.3380281690140845,0.36,0.44,0.44,0.4230769230769231
CMPD_249,CA,amide,CCCC(C(=O)NCC)N(C)C(=O)CC(N)O,0.3191489361702128,0.3191489361702128,0.2807017543859649,0.3191489361702128,0.3191489361702128,0.2807017543859649,0.2807017543859649,0.2807017543859649,0.26785714285714285
CMPD_250,CA,amide,NC(O)CC(=O)N(N=C1CCNCC1)c1nccs1,0.24561403508771928,0.23076923076923078,0.24561403508771928,0.24561403508771928,0.22727272727272727,0.24561403508771928,0.2638888888888889,0.2638888888888889,0.24561403508771928
CMPD_251,CA,amide,CN1CCC(=NNC(=O)CC(N)O)CC1,0.5348837209302325,0.24074074074074073,0.5348837209302325,0.5348837209302325,0.25925925925925924,0.5348837209302325,0.5348837209302325,0.288135593220339,0.5348837209302325
CMPD_252,CA,amide,CN1CCC(=NNC(=O)[C@H](Cn2ccnc2)NC(=O)C(N)S)CC1,0.3770491803278688,0.3088235294117647,0.3770491803278688,0.3770491803278688,0.26666666666666666,0.3770491803278688,0.39436619718309857,0.36231884057971014,0.39436619718309857
CMPD_253,CA,amide,NC(COc1ccccc1)NC(=O)[C@H](Cn1ccnc1)NC=O,0.4107142857142857,0.3968253968253968,0.4107142857142857,0.4107142857142857,0.3,0.4107142857142857,0.46153846153846156,0.4461538461538462,0.46153846153846156
CMPD_254,CA,amide,CCCCCCCCCCCCCCN(C(=O)[C@H](Cn1ccnc1)NC=O)C(C)CC,0.37735849056603776,0.37735849056603776,0.37735849056603776,0.37735849056603776,0.37735849056603776,0.37735849056603776,0.37735849056603776,0.37735849056603776,0.34285714285714286
CMPD_255,CA,amide,NC(O)CC(=O)NC(O)COc1ccc(Cl)cc1,0.38461538461538464,0.3541666666666667,0.38461538461538464,0.38461538461538464,0.2978723404255319,0.38461538461538464,0.38461538461538464,0.3111111111111111,0.38461538461538464
CMPD_256,CA,amide,NC(O)CC(=O)NC(N)CSc1ccccc1,0.45,0.30952380952380953,0.45,0.45,0.30952380952380953,0.45,0.45,0.30952380952380953,0.45
CMPD_257,CA,amide,O=CN[C@@H](Cn1ccnc1)C(=O)NCNCC(=O)c1nccs1,0.3114754098360656,0.30158730158730157,0.3114754098360656,0.3114754098360656,0.25675675675675674,0.3114754098360656,0.3717948717948718,0.34177215189873417,0.3717948717948718
CMPD_258,CA,amide,CC(C)[C@](C)(CO)NC(=O)CC(N)O,0.3137254901960784,0.2857142857142857,0.3137254901960784,0.3137254901960784,0.3076923076923077,0.3137254901960784,0.3137254901960784,0.24324324324324326,0.3137254901960784
CMPD_259,CA,amide,COc1cccc(N(NC=O)C(=O)CC(N)O)c1,0.3958333333333333,0.32786885245901637,0.3958333333333333,0.3508771929824561,0.3275862068965517,0.3508771929824561,0.3333333333333333,0.3275862068965517,0.3333333333333333
CMPD_260,CA,amide,COc1ccc(N(NC=O)C(=O)CC(N)O)cc1,0.34615384615384615,0.3275862068965517,0.34615384615384615,0.34615384615384615,0.3275862068965517,0.34615384615384615,0.3275862068965517,0.32,0.3275862068965517
CMPD_261,CA,amide,NC(S)C(=O)N[C@@H](Cn1ccnc1)C(=O)NC(O)CSc1ccccc1,0.40350877192982454,0.36923076923076925,0.40350877192982454,0.40350877192982454,0.3142857142857143,0.40350877192982454,0.47692307692307695,0.4307692307692308,0.47692307692307695
CMPD_262,CA,amide,COc1cccc(N(NC=O)C(=O)[C@H](Cn2ccnc2)NC(=O)C(N)S)c1,0.33766233766233766,0.3333333333333333,0.33766233766233766,0.3333333333333333,0.30864197530864196,0.3333333333333333,0.40476190476190477,0.40476190476190477,0.3855421686746988
CMPD_263,CA,amide,COc1ccc(N(NC=O)C(=O)[C@H](Cn2ccnc2)NC(=O)C(N)S)cc1,0.36,0.3076923076923077,0.36,0.36,0.36,0.323943661971831,0.425,0.425,0.4230769230769231
CMPD_264,CA,amide,C/C(CCC(=O)O)=N\N(C(=O)CC(N)O)c1nccs1,0.25,0.2465753424657534,0.25,0.25675675675675674,0.25,0.25675675675675674,0.29411764705882354,0.29411764705882354,0.25
CMPD_265,CA,amide,NC(O)CC(=O)NC(O)COc1ccccc1,0.37254901960784315,0.3125,0.37254901960784315,0.37254901960784315,0.3469387755102041,0.37254901960784315,0.37254901960784315,0.3125,0.37254901960784315
CMPD_266,CA,amide,CCCCCCCCCCCCN(C(=O)[C@H](Cn1ccnc1)NC(=O)C(N)S)C(C)CC,0.3508771929824561,0.3508771929824561,0.3508771929824561,0.3508771929824561,0.3508771929824561,0.3508771929824561,0.3611111111111111,0.3561643835616438,0.3611111111111111
CMPD_267,CA,amide,CCCC(NC(=O)CC(N)O)C(=O)NCC,0.3953488372093023,0.3953488372093023,0.38461538461538464,0.3953488372093023,0.3953488372093023,0.39215686274509803,0.39215686274509803,0.37735849056603776,0.39215686274509803
CMPD_268,CA,amide,COCCC(=O)NNC(=O)[C@H](Cn1ccnc1)NC=O,0.3442622950819672,0.3333333333333333,0.3442622950819672,0.3442622950819672,0.2676056338028169,0.3442622950819672,0.4126984126984127,0.4126984126984127,0.38461538461538464
CMPD_269,CA,amide,N=C(N/N=C/c1cccs1)NC(=O)[C@H](Cn1ccnc1)NC=O,0.3424657534246575,0.3176470588235294,0.3424657534246575,0.3424657534246575,0.3176470588235294,0.3424657534246575,0.421875,0.35526315789473684,0.421875
CMPD_270,CA,amide,C/C(=N\N(C(=O)[C@H](Cn1ccnc1)NC=O)c1nccs1)C(=O)O,0.3333333333333333,0.30985915492957744,0.3333333333333333,0.3333333333333333,0.24675324675324675,0.3333333333333333,0.3424657534246575,0.3424657534246575,0.3382352941176471
CMPD_271,CA,amide,CCC(O)NC(=O)CC(N)O,0.3157894736842105,0.3157894736842105,0.3023255813953488,0.3157894736842105,0.3157894736842105,0.3023255813953488,0.30303030303030304,0.24489795918367346,0.30303030303030304
CMPD_272,CA,amide,NC(O)CC(=O)NC(N)COc1ccccc1,0.37254901960784315,0.3125,0.37254901960784315,0.37254901960784315,0.3469387755102041,0.37254901960784315,0.37254901960784315,0.30952380952380953,0.37254901960784315
CMPD_273,CA,amide,CCOC(=O)CC(O)NC(=O)[C@H](Cn1ccnc1)NC=O,0.36507936507936506,0.34328358208955223,0.36507936507936506,0.36507936507936506,0.26785714285714285,0.36507936507936506,0.4084507042253521,0.4084507042253521,0.3939393939393939
CMPD_274,CA,amide,CC(C)[C@](C)(CO)NC(=O)[C@H](Cn1ccnc1)NC(=O)C(N)S,0.3333333333333333,0.3235294117647059,0.3333333333333333,0.3333333333333333,0.2571428571428571,0.3333333333333333,0.4153846153846154,0.38461538461538464,0.4153846153846154
CMPD_275,CA,amide,NC(S)C(=O)N[C@@H](Cn1ccnc1)C(=O)NC(O)COc1ccc(Cl)cc1,0.423728813559322,0.423728813559322,0.4153846153846154,0.423728813559322,0.30303030303030304,0.423728813559322,0.4375,0.4375,0.423728813559322
CMPD_276,CA,amide,NC(O)CC(=O)NCNCC(=O)c1nccs1,0.32,0.2545454545454545,0.32,0.32,0.288135593220339,0.32,0.32,0.30303030303030304,0.32
CMPD_277,CA,amide,COC(=O)CC(O)NC(=O)[C@H](Cn1ccnc1)NC=O,0.3770491803278688,0.36507936507936506,0.3770491803278688,0.3770491803278688,0.2753623188405797,0.3770491803278688,0.4262295081967213,0.4262295081967213,0.41935483870967744
CMPD_278,CA,amide,NC(S)C(=O)N[C@@H](Cn1ccnc1)C(=O)NC(O)COc1ccccc1,0.40350877192982454,0.390625,0.40350877192982454,0.40350877192982454,0.3142857142857143,0.40350877192982454,0.47692307692307695,0.4393939393939394,0.47692307692307695
CMPD_279,CA,amide,CCCCCCCCCCCCCCN(C(=O)[C@H](Cn1ccnc1)NC(=O)C(N)S)C(C)CC,0.3508771929824561,0.3508771929824561,0.3508771929824561,0.3508771929824561,0.3508771929824561,0.3508771929824561,0.3611111111111111,0.3561643835616438,0.3611111111111111
CMPD_280,CA,amide,COCCC(=O)NNC(=O)CC(N)O,0.3157894736842105,0.2653061224489796,0.3157894736842105,0.32075471698113206,0.2653061224489796,0.32075471698113206,0.3269230769230769,0.3269230769230769,0.2702702702702703
CMPD_281,CA,amide,NC(COc1ccccc1)NC(=O)[C@H](Cn1ccnc1)NC(=O)C(N)S,0.4032258064516129,0.3968253968253968,0.4032258064516129,0.4032258064516129,0.3188405797101449,0.4032258064516129,0.484375,0.4461538461538462,0.484375
CMPD_282,CA,amide,CCOC(=O)NNC(=O)CC(N)O,0.3157894736842105,0.3157894736842105,0.2857142857142857,0.32653061224489793,0.3157894736842105,0.32653061224489793,0.3157894736842105,0.2894736842105263,0.3157894736842105
CMPD_283,CA,amide,C/C(=N\N(C(=O)CC(N)O)c1nccs1)C(=O)O,0.25925925925925924,0.2571428571428571,0.25925925925925924,0.2676056338028169,0.2602739726027397,0.2676056338028169,0.26153846153846155,0.26153846153846155,0.25925925925925924
CMPD_284,CA,amide,NC(S)C(=O)N[C@@H](Cn1ccnc1)C(=O)NCNCC(=O)c1nccs1,0.2777777777777778,0.273972602739726,0.2777777777777778,0.2777777777777778,0.24358974358974358,0.2777777777777778,0.37333333333333335,0.34146341463414637,0.37333333333333335
CMPD_285,CA,amide,CCOC(=O)CC(O)NC(=O)CC(N)O,0.3684210526315789,0.3684210526315789,0.3157894736842105,0.3684210526315789,0.3684210526315789,0.3157894736842105,0.3684210526315789,0.2926829268292683,0.3684210526315789
CMPD_286,CA,amide,C/C(=N\N(C(=O)[C@H](Cn1ccnc1)NC(=O)C(N)S)c1nccs1)C(=O)O,0.3150684931506849,0.29333333333333333,0.3150684931506849,0.3150684931506849,0.25,0.3150684931506849,0.35064935064935066,0.34615384615384615,0.35064935064935066
CMPD_287,CA,amide,COC(=O)CC(O)NC(=O)CC(N)O,0.3611111111111111,0.2682926829268293,0.3611111111111111,0.30434782608695654,0.30434782608695654,0.2826086956521739,0.34210526315789475,0.2682926829268293,0.34210526315789475
CMPD_288,CA,amide,C/C(CCC(=O)O)=N\NC(=O)CC(N)O,0.30612244897959184,0.30612244897959184,0.30612244897959184,0.30612244897959184,0.30612244897959184,0.30612244897959184,0.32075471698113206,0.32075471698113206,0.3
CMPD_289,CA,amide,NC(O)CC(=O)Nc1nccc(-c2ccc(-n3cnnn3)cc2)n1,0.32142857142857145,0.29577464788732394,0.32142857142857145,0.32142857142857145,0.2857142857142857,0.32142857142857145,0.4067796610169492,0.4067796610169492,0.32142857142857145
CMPD_290,CA,amide,N=C(N/N=C/c1cccs1)NC(=O)CC(N)O,0.40625,0.3561643835616438,0.40625,0.40625,0.3561643835616438,0.40625,0.40625,0.31666666666666665,0.40625
CMPD_291,CA,amide,COCCC(=O)NNC(=O)[C@H](Cn1ccnc1)NC(=O)C(N)S,0.3283582089552239,0.3188405797101449,0.3283582089552239,0.3283582089552239,0.273972602739726,0.3283582089552239,0.4153846153846154,0.4153846153846154,0.4090909090909091
CMPD_292,CA,amide,CC(C)COC(=O)[C@H](Cn1ccnc1)NC(=O)C(S)NC(=O)CC(N)O,0.35294117647058826,0.34285714285714286,0.35294117647058826,0.35294117647058826,0.2375,0.35294117647058826,0.5230769230769231,0.5230769230769231,0.4857142857142857
CMPD_293,CA,amide,CC(C)OC(=O)[C@H](Cn1ccnc1)NC(=O)CN(O)C(=O)CC(N)O,0.3582089552238806,0.35714285714285715,0.3582089552238806,0.3582089552238806,0.24050632911392406,0.3582089552238806,0.515625,0.515625,0.4927536231884058
CMPD_294,CA,amide,CC(C)OC(=O)[C@H](Cn1ccnc1)NC(=O)C(S)NC(=O)CC(N)O,0.3582089552238806,0.34782608695652173,0.3582089552238806,0.3582089552238806,0.24050632911392406,0.3582089552238806,0.515625,0.515625,0.4852941176470588
CMPD_295,CA,amide,CCOC(=O)CC(O)NC(=O)[C@H](Cn1ccnc1)NC(=O)C(N)S,0.35384615384615387,0.3333333333333333,0.35384615384615387,0.35384615384615387,0.25862068965517243,0.35384615384615387,0.40298507462686567,0.3972602739726027,0.40298507462686567
CMPD_296,CA,amide,COC(=O)CC(O)NC(=O)[C@H](Cn1ccnc1)NC(=O)C(N)S,0.359375,0.3484848484848485,0.359375,0.359375,0.28169014084507044,0.359375,0.421875,0.40625,0.421875
CMPD_297,CA,amide,N=C(N/N=C/c1cccs1)NC(=O)[C@H](Cn1ccnc1)NC(=O)C(N)S,0.3246753246753247,0.29333333333333333,0.3246753246753247,0.3246753246753247,0.28888888888888886,0.3246753246753247,0.39705882352941174,0.3717948717948718,0.39705882352941174
CMPD_298,CA,amide,CC(C)COC(=O)[C@H](Cn1ccnc1)NC(=O)C(S)NC(=O)[C@H](Cn1ccnc1)NC=O,0.3382352941176471,0.32857142857142857,0.3382352941176471,0.3382352941176471,0.23376623376623376,0.3382352941176471,0.53125,0.53125,0.49295774647887325
CMPD_299,CA,amide,NC(O)CC(=O)N[C@H](Cc1c[nH]cn1)C[N+](=O)[O-],0.3582089552238806,0.29411764705882354,0.3582089552238806,0.3582089552238806,0.3333333333333333,0.3582089552238806,0.3582089552238806,0.3582089552238806,0.34782608695652173
CMPD_300,CA,amide,CC(C)COC(=O)[C@H](Cn1ccnc1)NC(=O)C(S)NC(=O)[C@H](Cn1ccnc1)NC(=O)C(N)S,0.34328358208955223,0.3333333333333333,0.34328358208955223,0.34328358208955223,0.25333333333333335,0.34328358208955223,0.5396825396825397,0.5396825396825397,0.5
CMPD_301,SA_EC,amide,CCCOCC(C(C)F)N1CC(C)(NC(=O)CCc2c[nH]nc2C)C1,0.21621621621621623,0.21428571428571427,0.21621621621621623,0.21621621621621623,0.21428571428571427,0.21621621621621623,0.21428571428571427,0.21428571428571427,0.21052631578947367
CMPD_302,SA_EC,amide,CC(C)(CF)N(CC(C=O)C(=O)O)C(=O)c1ccc(F)cc1,0.30434782608695654,0.2857142857142857,0.30434782608695654,0.3333333333333333,0.3333333333333333,0.30434782608695654,0.2857142857142857,0.2857142857142857,0.28
CMPD_303,SA_EC,amide,Cc1n[nH]cc1CCC(=O)NCCc1nnc(S)n1Cc1ccccc1,0.38271604938271603,0.3548387096774194,0.38271604938271603,0.38271604938271603,0.3548387096774194,0.38271604938271603,0.38271604938271603,0.2916666666666667,0.38271604938271603
CMPD_304,SA_EC,amide,O=C(NCCc1nnc(S)n1Cc1ccccc1)c1ccco1,0.38461538461538464,0.3283582089552239,0.38461538461538464,0.38461538461538464,0.3392857142857143,0.38461538461538464,0.38461538461538464,0.3380281690140845,0.38461538461538464
CMPD_305,SA_EC,amide,O=C(c1cnccn1)N(C(=S)N1CCNCC1)c1ccnc2cc(Cl)ccc12,0.3010752688172043,0.3010752688172043,0.3010752688172043,0.3010752688172043,0.3010752688172043,0.2948717948717949,0.3142857142857143,0.3142857142857143,0.2898550724637681
CMPD_306,SA_EC,amide,CCC(C(C)F)N1CCC(NC(=O)CCc2c[nH]nc2C)C1,0.25773195876288657,0.25773195876288657,0.25773195876288657,0.25773195876288657,0.25316455696202533,0.25773195876288657,0.24050632911392406,0.23529411764705882,0.24050632911392406
CMPD_307,SA_EC,amide,Cc1n[nH]cc1CCC(=O)N[C@H]1C[C@H](C)N(C(C)C(C)F)C1,0.23809523809523808,0.23809523809523808,0.2261904761904762,0.2345679012345679,0.2345679012345679,0.2261904761904762,0.22826086956521738,0.22826086956521738,0.21794871794871795
CMPD_308,SA_EC,amide,CCC(C(C)F)N1CC[C@@H]([C@H](C)NC(=O)c2cnccn2)C1,0.3488372093023256,0.3132530120481928,0.3488372093023256,0.3368421052631579,0.2972972972972973,0.3368421052631579,0.3387096774193548,0.3283582089552239,0.3387096774193548
CMPD_309,SA_EC,amide,CC(F)C(NC(=O)c1ccc(F)cc1)N1CC[C@H]([C@@H](C)N)C1,0.3448275862068966,0.34210526315789475,0.3448275862068966,0.3448275862068966,0.34210526315789475,0.3448275862068966,0.38461538461538464,0.38461538461538464,0.3448275862068966
CMPD_310,SA_EC,amide,Cc1n[nH]cc1CCC(=O)N1CCN(C(C)C(C)F)CC1CF,0.22340425531914893,0.2222222222222222,0.22340425531914893,0.22857142857142856,0.2236842105263158,0.22857142857142856,0.2222222222222222,0.2,0.2222222222222222
CMPD_311,SA_EC,amide,CCCOCC(C(C)F)N1CC(C)(NC(=O)c2cnccn2)C1,0.3194444444444444,0.2857142857142857,0.3194444444444444,0.3194444444444444,0.2857142857142857,0.3194444444444444,0.3194444444444444,0.31343283582089554,0.3194444444444444
CMPD_312,SA_EC,amide,CCN(CC1CCN(C(C)C(C)F)C1)C(=O)c1cnccn1,0.30434782608695654,0.27906976744186046,0.30434782608695654,0.30434782608695654,0.24358974358974358,0.30434782608695654,0.3333333333333333,0.30434782608695654,0.3333333333333333
CMPD_313,SA_EC,amide,O=C(NCCc1nnc(S)n1Cc1ccccc1)c1cnccn1,0.42424242424242425,0.42424242424242425,0.4126984126984127,0.42424242424242425,0.42424242424242425,0.4126984126984127,0.3548387096774194,0.3548387096774194,0.35384615384615387
CMPD_314,SA_EC,amide,CCn1cc(C(=O)O)c(=O)c2c(NC(=O)c3cnccn3)c(F)cc(F)c21,0.5128205128205128,0.44776119402985076,0.5128205128205128,0.4782608695652174,0.43548387096774194,0.4782608695652174,0.42857142857142855,0.34328358208955223,0.42857142857142855
CMPD_315,SA_EC,amide,CCCOCC(C(C)F)N1CC(C)(NC(=O)c2ccco2)C1,0.32857142857142857,0.3108108108108108,0.32857142857142857,0.32857142857142857,0.2911392405063291,0.32857142857142857,0.32857142857142857,0.3114754098360656,0.32857142857142857
CMPD_316,SA_EC,amide,CC(=O)NC1CCN(C(NC(=O)c2ccc(F)cc2)C(C)F)C1,0.375,0.36486486486486486,0.375,0.375,0.36486486486486486,0.375,0.375,0.375,0.33783783783783783
CMPD_317,SA_EC,amide,CCC(C(C)F)N1CC[C@@H]([C@H](C)NC(=O)CCc2c[nH]nc2C)C1,0.24175824175824176,0.24175824175824176,0.2375,0.24175824175824176,0.24175824175824176,0.23255813953488372,0.2375,0.23255813953488372,0.2375
CMPD_318,SA_EC,amide,CC(F)C(NC(=O)c1ccco1)N1CC[C@H]([C@@H](C)N)C1,0.3484848484848485,0.2972972972972973,0.3484848484848485,0.3484848484848485,0.3220338983050847,0.3484848484848485,0.3484848484848485,0.2909090909090909,0.3484848484848485
CMPD_319,SA_EC,amide,Cc1n[nH]cc1CCC(=O)N(C(=S)N1CCNCC1)c1ccnc2cc(Cl)ccc12,0.2871287128712871,0.2871287128712871,0.27472527472527475,0.2871287128712871,0.2871287128712871,0.28125,0.27380952380952384,0.25,0.27380952380952384
CMPD_320,SA_EC,amide,O=C(NCCc1nnc(S)n1Cc1ccccc1)c1ccc(F)cc1,0.45,0.45,0.41379310344827586,0.41379310344827586,0.35714285714285715,0.41379310344827586,0.41379310344827586,0.352112676056338,0.41379310344827586
CMPD_321,SA_EC,amide,CC/C=N\NC(=N)NC(=O)c1ccc(F)cc1,0.42,0.4186046511627907,0.42,0.42,0.36363636363636365,0.42,0.46511627906976744,0.37037037037037035,0.46511627906976744
CMPD_322,SA_EC,amide,CCN(CC1CCN(C(C)C(C)F)C1)C(=O)CCc1c[nH]nc1C,0.2602739726027397,0.25,0.2602739726027397,0.25,0.23863636363636365,0.25,0.25,0.2261904761904762,0.25
CMPD_323,SA_EC,amide,CC(C)(CF)N(CC(C=O)C(=O)O)C(=O)c1ccco1,0.32653061224489793,0.27586206896551724,0.32653061224489793,0.34782608695652173,0.34782608695652173,0.32653061224489793,0.32653061224489793,0.3137254901960784,0.32653061224489793
CMPD_324,SA_EC,amide,CC/C(=N/O)NC(=O)c1ccc(F)cc1,0.41304347826086957,0.37209302325581395,0.41304347826086957,0.41304347826086957,0.37209302325581395,0.41304347826086957,0.425,0.35555555555555557,0.425
CMPD_325,SA_EC,amide,Cc1n[nH]cc1CCC(=O)NC(C(C)F)N1CCC(N(C)C)C1,0.26,0.26,0.24,0.26,0.26,0.24,0.2553191489361702,0.21839080459770116,0.2553191489361702
CMPD_326,SA_EC,amide,Cc1n[nH]cc1CCC(=O)NC(C(C)F)N1CC[C@H]([C@@H](C)N)C1,0.2804878048780488,0.2804878048780488,0.2375,0.2857142857142857,0.2857142857142857,0.27058823529411763,0.24705882352941178,0.24705882352941178,0.24390243902439024
CMPD_327,SA_EC,amide,C[C@@H]1[C@@H](NC(=O)c2ccc(F)cc2)CN1C(CF)C(F)CN,0.3283582089552239,0.30434782608695654,0.3283582089552239,0.3283582089552239,0.3055555555555556,0.3283582089552239,0.3283582089552239,0.3283582089552239,0.30158730158730157
CMPD_328,SA_EC,amide,CC(F)C(NC(=O)c1ccc(F)cc1)N1CCC(N(C)C)C1,0.3424657534246575,0.3424657534246575,0.3181818181818182,0.3424657534246575,0.3424657534246575,0.3181818181818182,0.36363636363636365,0.36363636363636365,0.3220338983050847
CMPD_329,SA_EC,amide,CC(=O)NC1CCN(C(NC(=O)c2ccco2)C(C)F)C1,0.32857142857142857,0.2967032967032967,0.32857142857142857,0.32857142857142857,0.2967032967032967,0.32857142857142857,0.32857142857142857,0.3090909090909091,0.32857142857142857
CMPD_330,SA_EC,amide,CCC(C(C)F)N1CCC(NC(=O)c2cnccn2)C1,0.36470588235294116,0.36470588235294116,0.3382352941176471,0.36470588235294116,0.36470588235294116,0.3382352941176471,0.3442622950819672,0.3333333333333333,0.3442622950819672
CMPD_331,SA_EC,amide,CC(F)C(C)N1C[C@@H](NC(=O)c2cnccn2)C[C@@H]1C,0.32941176470588235,0.32941176470588235,0.328125,0.32941176470588235,0.32941176470588235,0.328125,0.328125,0.328125,0.32
CMPD_332,SA_EC,amide,CC(F)C(C)N1C[C@@H](NC(=O)c2ccco2)C[C@@H]1C,0.3333333333333333,0.30434782608695654,0.3333333333333333,0.3333333333333333,0.3157894736842105,0.3333333333333333,0.3333333333333333,0.3076923076923077,0.3333333333333333
CMPD_333,SA_EC,amide,CCC(C(C)F)N1CCC(NC(=O)c2ccco2)C1,0.35443037974683544,0.3146067415730337,0.35443037974683544,0.35443037974683544,0.3146067415730337,0.35443037974683544,0.35443037974683544,0.3103448275862069,0.35443037974683544
CMPD_334,SA_EC,amide,O=C(c1ccco1)N(C(=S)N1CCNCC1)c1ccnc2cc(Cl)ccc12,0.32142857142857145,0.32142857142857145,0.3055555555555556,0.3055555555555556,0.3010752688172043,0.3055555555555556,0.3055555555555556,0.3055555555555556,0.2857142857142857
CMPD_335,SA_EC,amide,CC(F)C(C)N1CCN(C(=O)c2ccco2)C(CF)C1,0.3188405797101449,0.2823529411764706,0.3188405797101449,0.3188405797101449,0.2823529411764706,0.3188405797101449,0.3333333333333333,0.3333333333333333,0.3188405797101449
CMPD_336,SA_EC,amide,CCn1cc(C(=O)O)c(=O)c2c(NC(=O)c3ccco3)c(F)cc(F)c21,0.4666666666666667,0.45454545454545453,0.4666666666666667,0.4666666666666667,0.4426229508196721,0.4666666666666667,0.4666666666666667,0.3291139240506329,0.4666666666666667
CMPD_337,SA_EC,amide,CCn1cc(C(=O)O)c(=O)c2c(NC(=O)CCc3c[nH]nc3C)c(F)cc(F)c21,0.4266666666666667,0.4189189189189189,0.4266666666666667,0.4266666666666667,0.4189189189189189,0.4266666666666667,0.39705882352941174,0.35,0.39705882352941174
CMPD_338,SA_EC,amide,CCC(F)C(NC(=O)CCc1c[nH]nc1C)N1CCNCC1,0.27692307692307694,0.23809523809523808,0.27692307692307694,0.27692307692307694,0.24050632911392406,0.27692307692307694,0.27692307692307694,0.23809523809523808,0.27692307692307694
CMPD_339,SA_EC,amide,CCn1cc(C(=O)O)c(=O)c2c(NC(=O)c3ccc(F)cc3)c(F)cc(F)c21,0.4838709677419355,0.4838709677419355,0.47368421052631576,0.47368421052631576,0.47368421052631576,0.47368421052631576,0.47368421052631576,0.32894736842105265,0.47368421052631576
CMPD_340,SA_EC,amide,CCC(F)C(NC(=O)c1ccc(F)cc1)N1CCNCC1,0.3333333333333333,0.32075471698113206,0.3333333333333333,0.3333333333333333,0.32075471698113206,0.3333333333333333,0.40425531914893614,0.375,0.40425531914893614
CMPD_341,SA_EC,amide,CC(F)C(C)N1CCN(C(=O)c2cnccn2)C(CF)C1,0.32,0.28169014084507044,0.32,0.32,0.2696629213483146,0.32,0.38596491228070173,0.2878787878787879,0.38596491228070173
CMPD_342,SA_EC,amide,CC/C(=N/O)NC(=O)c1ccco1,0.42857142857142855,0.39285714285714285,0.42857142857142855,0.42857142857142855,0.4,0.42857142857142855,0.42857142857142855,0.4186046511627907,0.42857142857142855
CMPD_343,SA_EC,amide,C[C@@H]1[C@@H](NC(=O)c2ccco2)CN1C(CF)C(F)CN,0.3142857142857143,0.2876712328767123,0.3142857142857143,0.32051282051282054,0.29508196721311475,0.32051282051282054,0.3142857142857143,0.3050847457627119,0.3142857142857143
CMPD_344,SA_EC,amide,CC(F)C(NC(=O)c1ccco1)N1CCC(N(C)C)C1,0.39285714285714285,0.39285714285714285,0.3283582089552239,0.39285714285714285,0.39285714285714285,0.3283582089552239,0.3283582089552239,0.3230769230769231,0.3283582089552239
CMPD_345,SA_EC,amide,CCCOCC(C(C)F)N1CC(C)(NC(=O)c2ccc(F)cc2)C1,0.36065573770491804,0.2894736842105263,0.36065573770491804,0.36065573770491804,0.2894736842105263,0.36065573770491804,0.36065573770491804,0.3108108108108108,0.36065573770491804
CMPD_346,SA_EC,amide,Cc1n[nH]cc1CCC(=O)N(CC(C=O)C(=O)O)C(C)(C)CF,0.25,0.25,0.21212121212121213,0.23943661971830985,0.2077922077922078,0.23943661971830985,0.23529411764705882,0.2222222222222222,0.23529411764705882
CMPD_347,SA_EC,amide,CC(=O)NC1CCN(C(NC(=O)CCc2c[nH]nc2C)C(C)F)C1,0.27586206896551724,0.27586206896551724,0.25252525252525254,0.27586206896551724,0.27586206896551724,0.25252525252525254,0.2289156626506024,0.2289156626506024,0.2289156626506024
CMPD_348,SA_EC,amide,O=C(c1cnccn1)N(C=S)c1ccnc2cc(Cl)ccc12,0.328125,0.28378378378378377,0.328125,0.328125,0.328125,0.323943661971831,0.36666666666666664,0.36666666666666664,0.32
CMPD_349,SA_EC,amide,Cc1n[nH]cc1CCC(=O)N[C@@H](C)[C@@H]1CCNC1,0.2647058823529412,0.25,0.2647058823529412,0.2647058823529412,0.25,0.2647058823529412,0.24050632911392406,0.23943661971830985,0.24050632911392406
CMPD_350,SA_EC,amide,CCC(F)C(NC(=O)c1ccco1)N1CCNCC1,0.3870967741935484,0.30434782608695654,0.3870967741935484,0.3870967741935484,0.3157894736842105,0.3870967741935484,0.3870967741935484,0.32727272727272727,0.3870967741935484
CMPD_351,SA_EC,amide,CCC(C(C)F)N1CC[C@@H]([C@H](C)NC(=O)c2ccco2)C1,0.36363636363636365,0.3055555555555556,0.36363636363636365,0.36363636363636365,0.30666666666666664,0.36363636363636365,0.36363636363636365,0.3050847457627119,0.36363636363636365
CMPD_352,SA_EC,amide,C[C@H](NC(=O)c1ccc(F)cc1)[C@@H]1CCNC1,0.35,0.3442622950819672,0.35,0.35,0.3442622950819672,0.35,0.35,0.35,0.3333333333333333
CMPD_353,SA_EC,amide,Cc1n[nH]cc1CCC(=O)N[C@H]1CN(C(CF)C(F)CN)[C@@H]1C,0.22972972972972974,0.22972972972972974,0.2261904761904762,0.23376623376623376,0.23376623376623376,0.22972972972972974,0.22972972972972974,0.22972972972972974,0.21428571428571427
CMPD_354,SA_EC,amide,CC(F)C(NC(=O)c1cnccn1)N1CC[C@H]([C@@H](C)N)C1,0.3488372093023256,0.3170731707317073,0.3488372093023256,0.3333333333333333,0.29333333333333333,0.3333333333333333,0.3442622950819672,0.3333333333333333,0.3442622950819672
CMPD_355,SA_EC,amide,CC(=O)NC1CCN(C(=O)c2ccc(F)cc2)C1,0.41818181818181815,0.4090909090909091,0.41818181818181815,0.46774193548387094,0.4090909090909091,0.46774193548387094,0.41818181818181815,0.3793103448275862,0.41818181818181815
CMPD_356,SA_EC,amide,C[C@H](NC(=O)c1ccc(F)cc1)C(=O)N[C@H]1CCNC1,0.3492063492063492,0.3230769230769231,0.3492063492063492,0.36363636363636365,0.36363636363636365,0.3492063492063492,0.359375,0.359375,0.3392857142857143
CMPD_357,SA_EC,amide,CC/C(=N/O)NC(=O)CCc1c[nH]nc1C,0.2698412698412698,0.26666666666666666,0.2698412698412698,0.2698412698412698,0.26666666666666666,0.2698412698412698,0.2698412698412698,0.26666666666666666,0.2698412698412698
CMPD_358,SA_EC,amide,C=NNC(=N)NC(=O)c1ccc(F)cc1,0.3829787234042553,0.375,0.3829787234042553,0.3829787234042553,0.37209302325581395,0.3829787234042553,0.46153846153846156,0.36,0.46153846153846156
CMPD_359,SA_EC,amide,CCN(CC1CCN(C(C)C(C)F)C1)C(=O)c1ccco1,0.2909090909090909,0.2876712328767123,0.2909090909090909,0.3048780487804878,0.3048780487804878,0.2909090909090909,0.29411764705882354,0.29411764705882354,0.2909090909090909
CMPD_360,SA_EC,amide,CC(F)C(NC(=O)c1cnccn1)N1CCC(N(C)C)C1,0.3488372093023256,0.30120481927710846,0.3488372093023256,0.3333333333333333,0.2894736842105263,0.3333333333333333,0.3442622950819672,0.3333333333333333,0.3442622950819672
CMPD_361,SA_EC,amide,CC(=O)NC1CCN(C(=O)CCc2c[nH]nc2C)C1,0.3055555555555556,0.2948717948717949,0.3055555555555556,0.3055555555555556,0.2948717948717949,0.3055555555555556,0.28205128205128205,0.25,0.28205128205128205
CMPD_362,SA_EC,amide,Cc1n[nH]cc1CCC(=O)N(C=S)c1ccnc2cc(Cl)ccc12,0.30666666666666664,0.27835051546391754,0.30666666666666664,0.30666666666666664,0.2876712328767123,0.30666666666666664,0.30666666666666664,0.27835051546391754,0.30666666666666664
CMPD_363,SA_EC,amide,CC(F)C(C)N1C[C@@H](NC(=O)c2ccc(F)cc2)C[C@@H]1C,0.3709677419354839,0.323943661971831,0.3709677419354839,0.3709677419354839,0.34328358208955223,0.3709677419354839,0.3709677419354839,0.3709677419354839,0.3333333333333333
CMPD_364,SA_EC,amide,CCC(C(C)F)N1CCC(NC(=O)c2ccc(F)cc2)C1,0.41935483870967744,0.3333333333333333,0.41935483870967744,0.41935483870967744,0.3880597014925373,0.41935483870967744,0.41935483870967744,0.41935483870967744,0.375
CMPD_365,SA_EC,amide,Cc1n[nH]cc1CCC(=O)NC1(C)CCNC1,0.2535211267605634,0.25,0.2535211267605634,0.2535211267605634,0.25,0.2535211267605634,0.25,0.25,0.23529411764705882
CMPD_366,SA_EC,amide,CC/C=N\NC(=N)NC(=O)c1ccco1,0.42857142857142855,0.36666666666666664,0.42857142857142855,0.42857142857142855,0.35294117647058826,0.42857142857142855,0.42857142857142855,0.3673469387755102,0.42857142857142855
CMPD_367,SA_EC,amide,CC(F)C(C)N1CCN(C(=O)c2ccc(F)cc2)C(CF)C1,0.3384615384615385,0.2786885245901639,0.3384615384615385,0.3384615384615385,0.2711864406779661,0.3384615384615385,0.3114754098360656,0.27941176470588236,0.3114754098360656
CMPD_368,SA_EC,amide,CC1(NC(=O)c2ccc(F)cc2)CCNC1,0.38596491228070173,0.3695652173913043,0.38596491228070173,0.38596491228070173,0.3695652173913043,0.38596491228070173,0.38596491228070173,0.3541666666666667,0.38596491228070173
CMPD_369,SA_EC,amide,C[C@H](NC(=O)c1ccco1)[C@@H]1CCNC1,0.3728813559322034,0.328125,0.3728813559322034,0.3728813559322034,0.34615384615384615,0.3728813559322034,0.3728813559322034,0.3404255319148936,0.3728813559322034
CMPD_370,SA_EC,amide,Cc1n[nH]cc1CCC(=O)N1[C@H]2CN[C@H](C2)[C@@H]1C,0.2987012987012987,0.2987012987012987,0.21052631578947367,0.2987012987012987,0.2987012987012987,0.21739130434782608,0.21739130434782608,0.21739130434782608,0.21333333333333335
CMPD_371,SA_EC,amide,CCC(F)C(NC(=O)c1cnccn1)N1CCNCC1,0.35384615384615387,0.3333333333333333,0.35384615384615387,0.35384615384615387,0.3333333333333333,0.35384615384615387,0.35384615384615387,0.3442622950819672,0.35384615384615387
CMPD_372,SA_EC,amide,C[C@H]1[C@H]2C[C@H](CN2)N1C(=O)c1ccc(F)cc1,0.3333333333333333,0.3333333333333333,0.32786885245901637,0.3333333333333333,0.3333333333333333,0.32786885245901637,0.3220338983050847,0.2833333333333333,0.3220338983050847
CMPD_373,SA_EC,amide,CC(=O)NC1CCN(C(=O)c2ccco2)C1,0.4482758620689655,0.3373493975903614,0.4482758620689655,0.4482758620689655,0.3246753246753247,0.4482758620689655,0.4482758620689655,0.42592592592592593,0.4482758620689655
CMPD_374,SA_EC,amide,CC(C)(CF)N(CC(C=O)C(=O)O)C(=O)c1cnccn1,0.32653061224489793,0.2857142857142857,0.32653061224489793,0.32653061224489793,0.2702702702702703,0.32653061224489793,0.32653061224489793,0.2698412698412698,0.32653061224489793
CMPD_375,SA_EC,amide,CC(=O)NC1CCN(C(NC(=O)c2cnccn2)C(C)F)C1,0.3484848484848485,0.3,0.3484848484848485,0.3484848484848485,0.3,0.3484848484848485,0.3484848484848485,0.3484848484848485,0.3387096774193548
CMPD_376,SA_EC,amide,O=C(c1ccc(F)cc1)N(C(=S)N1CCNCC1)c1ccnc2cc(Cl)ccc12,0.3698630136986301,0.3170731707317073,0.3698630136986301,0.3698630136986301,0.32142857142857145,0.3698630136986301,0.3253012048192771,0.3253012048192771,0.28
CMPD_377,SA_EC,amide,C[C@@H]1[C@@H](NC(=O)c2cnccn2)CN1C(CF)C(F)CN,0.32075471698113206,0.3146067415730337,0.32075471698113206,0.32075471698113206,0.3146067415730337,0.32075471698113206,0.32075471698113206,0.3088235294117647,0.32075471698113206
CMPD_378,SA_EC,amide,CC1(NC(=O)c2ccco2)CCNC1,0.391304347826087,0.34545454545454546,0.391304347826087,0.391304347826087,0.3673469387755102,0.391304347826087,0.391304347826087,0.36363636363636365,0.391304347826087
CMPD_379,SA_EC,amide,CC(=O)NC1CCN(C(=O)c2cnccn2)C1,0.4107142857142857,0.3372093023255814,0.4107142857142857,0.4107142857142857,0.3013698630136986,0.4107142857142857,0.5208333333333334,0.4107142857142857,0.5208333333333334
CMPD_380,SA_EC,amide,CC/C=N\NC(=N)NC(=O)CCc1c[nH]nc1C,0.3,0.27586206896551724,0.3,0.3,0.23076923076923078,0.3,0.25396825396825395,0.23943661971830985,0.25396825396825395
CMPD_381,SA_EC,amide,Cc1n[nH]cc1CCC(=O)N[C@H]1CN[C@@H]1C,0.24285714285714285,0.23880597014925373,0.24285714285714285,0.24285714285714285,0.23809523809523808,0.24285714285714285,0.24242424242424243,0.23809523809523808,0.24242424242424243
CMPD_382,SA_EC,amide,C[C@H]1[C@H]2C[C@H](CN2)N1C(=O)c1ccco1,0.3333333333333333,0.29850746268656714,0.3333333333333333,0.3333333333333333,0.3,0.3333333333333333,0.3508771929824561,0.3508771929824561,0.3333333333333333
CMPD_383,SA_EC,amide,C[C@H](NC(=O)c1cnccn1)[C@@H]1CCNC1,0.35555555555555557,0.2857142857142857,0.35555555555555557,0.35555555555555557,0.2857142857142857,0.35555555555555557,0.35714285714285715,0.35714285714285715,0.35555555555555557
CMPD_384,SA_EC,amide,CCC(C(C)F)N1CC[C@@H]([C@H](C)NC(=O)c2ccc(F)cc2)C1,0.3484848484848485,0.32857142857142857,0.3484848484848485,0.3484848484848485,0.32857142857142857,0.3484848484848485,0.373134328358209,0.373134328358209,0.3333333333333333
CMPD_385,SA_EC,amide,C[C@H]1NC[C@@H]1NC(=O)c1ccc(F)cc1,0.3695652173913043,0.35555555555555557,0.3695652173913043,0.3695652173913043,0.35555555555555557,0.3695652173913043,0.37209302325581395,0.3695652173913043,0.37209302325581395
CMPD_386,SA_EC,amide,CC/C(=N/O)NC(=O)c1cnccn1,0.42105263157894735,0.3333333333333333,0.42105263157894735,0.42105263157894735,0.3333333333333333,0.42105263157894735,0.42105263157894735,0.40816326530612246,0.42105263157894735
CMPD_387,SA_EC,amide,C[C@H](NC(=O)c1ccco1)C(=O)N[C@H]1CCNC1,0.3492063492063492,0.3088235294117647,0.3492063492063492,0.3492063492063492,0.32142857142857145,0.3492063492063492,0.3492063492063492,0.34,0.3492063492063492
CMPD_388,SA_EC,amide,CCN(CC1CCN(C(C)C(C)F)C1)C(=O)c1ccc(F)cc1,0.32727272727272727,0.2876712328767123,0.32727272727272727,0.32727272727272727,0.32727272727272727,0.2923076923076923,0.2923076923076923,0.2777777777777778,0.2923076923076923
CMPD_389,SA_EC,amide,Cc1n[nH]cc1CCC(=O)N[C@@H](C)C(=O)N[C@H]1CCNC1,0.25,0.25,0.25,0.25,0.23684210526315788,0.25,0.27631578947368424,0.27631578947368424,0.2602739726027397
CMPD_390,SA_EC,amide,O=C(c1ccco1)N(C=S)c1ccnc2cc(Cl)ccc12,0.36923076923076925,0.36486486486486486,0.36923076923076925,0.36923076923076925,0.3492063492063492,0.36923076923076925,0.36923076923076925,0.3548387096774194,0.36923076923076925
CMPD_391,SA_EC,amide,CC1(NC(=O)c2cnccn2)CCNC1,0.38095238095238093,0.29850746268656714,0.38095238095238093,0.38095238095238093,0.29850746268656714,0.38095238095238093,0.38095238095238093,0.37735849056603776,0.38095238095238093
CMPD_392,SA_EC,amide,C[C@H](NC(=O)c1cnccn1)C(=O)N[C@H]1CCNC1,0.3493975903614458,0.28735632183908044,0.3493975903614458,0.32653061224489793,0.28735632183908044,0.32653061224489793,0.3333333333333333,0.3333333333333333,0.32653061224489793
CMPD_393,SA_EC,amide,C[C@H]1NC[C@@H]1NC(=O)c1cnccn1,0.41025641025641024,0.34210526315789475,0.41025641025641024,0.41025641025641024,0.34210526315789475,0.41025641025641024,0.41025641025641024,0.4,0.41025641025641024
CMPD_394,SA_EC,amide,C[C@H]1NC[C@@H]1NC(=O)c1ccco1,0.4090909090909091,0.3469387755102041,0.4090909090909091,0.4090909090909091,0.3829787234042553,0.4090909090909091,0.4090909090909091,0.38095238095238093,0.4090909090909091
CMPD_395,SA_EC,amide,C[C@H]1[C@H]2C[C@H](CN2)N1C(=O)c1cnccn1,0.36363636363636365,0.3013698630136986,0.36363636363636365,0.36363636363636365,0.3013698630136986,0.36363636363636365,0.40384615384615385,0.29508196721311475,0.40384615384615385
CMPD_396,SA_EC,amide,C=NNC(=N)NC(=O)c1ccco1,0.42857142857142855,0.35714285714285715,0.42857142857142855,0.42857142857142855,0.4,0.42857142857142855,0.42857142857142855,0.4,0.42857142857142855
CMPD_397,SA_EC,amide,O=C(c1ccc(F)cc1)N(C=S)c1ccnc2cc(Cl)ccc12,0.36764705882352944,0.3611111111111111,0.36764705882352944,0.36764705882352944,0.3611111111111111,0.36764705882352944,0.3333333333333333,0.3333333333333333,0.3269230769230769
CMPD_398,SA_EC,amide,CC/C=N\NC(=N)NC(=O)c1cnccn1,0.39655172413793105,0.3333333333333333,0.39655172413793105,0.39655172413793105,0.3076923076923077,0.39655172413793105,0.39655172413793105,0.37037037037037035,0.39655172413793105
CMPD_399,SA_EC,amide,C=NNC(=N)NC(=O)CCc1c[nH]nc1C,0.27941176470588236,0.23809523809523808,0.27941176470588236,0.27941176470588236,0.23809523809523808,0.27941176470588236,0.24242424242424243,0.23809523809523808,0.24242424242424243
CMPD_400,SA_EC,amide,C=NNC(=N)NC(=O)c1cnccn1,0.43243243243243246,0.31666666666666665,0.43243243243243246,0.43243243243243246,0.31666666666666665,0.43243243243243246,0.43243243243243246,0.3877551020408163,0.43243243243243246
CMPD_401,SA_CA,amide,CC(C)[C@H](NC(=O)CS)C(=O)N(C)S(=O)(=O)c1ccc(C(F)(F)F)cc1,0.35294117647058826,0.34615384615384615,0.35294117647058826,0.3275862068965517,0.30985915492957744,0.3275862068965517,0.32786885245901637,0.29577464788732394,0.32786885245901637
CMPD_402,SA_CA,amide,CC(C)C[C@H](NC(=O)CS)C(=O)N(CCC=O)[C@H](C)[C@@H](O)c1ccccc1,0.38333333333333336,0.3508771929824561,0.38333333333333336,0.38333333333333336,0.3142857142857143,0.38333333333333336,0.38333333333333336,0.3508771929824561,0.38333333333333336
CMPD_403,SA_CA,amide,CN(C(=O)CCCNC(=O)CS)S(=O)(=O)c1ccc(C(F)(F)F)cc1,0.38333333333333336,0.35384615384615387,0.38333333333333336,0.38333333333333336,0.3387096774193548,0.38333333333333336,0.3283582089552239,0.29850746268656714,0.3283582089552239
CMPD_404,SA_CA,amide,CC(C)C[C@H](NC(=O)CS)C(=O)N(C)S(=O)(=O)c1ccc(C(F)(F)F)cc1,0.35714285714285715,0.35714285714285715,0.323943661971831,0.35714285714285715,0.35714285714285715,0.31666666666666665,0.3055555555555556,0.3055555555555556,0.3
CMPD_405,SA_CA,amide,CC(C)[C@H](NC(=O)CS)C(=O)N(C1=C[N+]=CC=C1)c1ccccc1,0.2903225806451613,0.2753623188405797,0.2903225806451613,0.2903225806451613,0.26153846153846155,0.2903225806451613,0.2898550724637681,0.2753623188405797,0.2898550724637681
CMPD_406,SA_CA,amide,CC(C)[C@H](NC(=O)CS)C(=O)N(CCC=O)[C@H](C)[C@@H](O)c1ccccc1,0.39655172413793105,0.3114754098360656,0.39655172413793105,0.39655172413793105,0.2987012987012987,0.39655172413793105,0.39655172413793105,0.3114754098360656,0.39655172413793105
CMPD_407,SA_CA,amide,CC(C)C[C@H](NC(=O)CS)C(=O)N(C1=C[N+]=CC=C1)c1ccccc1,0.30666666666666664,0.29577464788732394,0.30666666666666664,0.30666666666666664,0.29577464788732394,0.30666666666666664,0.3188405797101449,0.29577464788732394,0.3188405797101449
CMPD_408,SA_CA,amide,O=C(CS)NCCCC(=O)N(C1=C[N+]=CC=C1)c1ccccc1,0.3103448275862069,0.3103448275862069,0.3050847457627119,0.3103448275862069,0.3103448275862069,0.3064516129032258,0.3103448275862069,0.26865671641791045,0.3103448275862069
CMPD_409,SA_CA,amide,CCC(=O)N/N=C(/C)c1c(O)ccc2c(C)cc(=O)oc12,0.6415094339622641,0.6415094339622641,0.6170212765957447,0.6296296296296297,0.6181818181818182,0.6296296296296297,0.6415094339622641,0.6415094339622641,0.4915254237288136
CMPD_410,SA_CA,amide,CCC(=O)N(CCC=O)[C@H](C)[C@@H](O)c1ccccc1,0.42,0.3617021276595745,0.42,0.42,0.28,0.42,0.42,0.3617021276595745,0.42
CMPD_411,SA_CA,amide,C[C@H]([C@@H](O)c1ccccc1)N(CCC=O)C(=O)CCCNC(=O)CS,0.38333333333333336,0.3620689655172414,0.38333333333333336,0.38333333333333336,0.3620689655172414,0.38333333333333336,0.38333333333333336,0.3442622950819672,0.38333333333333336
CMPD_412,SA_CA,amide,CCC(=O)N(C)S(=O)(=O)c1ccc(C(F)(F)F)cc1,0.40350877192982454,0.373134328358209,0.40350877192982454,0.3829787234042553,0.33962264150943394,0.3829787234042553,0.3508771929824561,0.3148148148148148,0.3508771929824561
CMPD_413,SA_CA,amide,C/C(=N/NC(=O)[C@H](CC(C)C)NC(=O)CS)c1c(O)ccc2c(C)cc(=O)oc12,0.53125,0.53125,0.5,0.5230769230769231,0.5151515151515151,0.5230769230769231,0.53125,0.53125,0.39436619718309857
CMPD_414,SA_CA,amide,CCC#Cc1c(C)nc(NC(=O)CC)nc1N,0.28,0.2727272727272727,0.28,0.28,0.24615384615384617,0.28,0.3220338983050847,0.24615384615384617,0.3220338983050847
CMPD_415,SA_CA,amide,C/C(=N/NC(=O)[C@@H](NC(=O)CS)C(C)C)c1c(O)ccc2c(C)cc(=O)oc12,0.5396825396825397,0.5396825396825397,0.5087719298245614,0.53125,0.5230769230769231,0.53125,0.5396825396825397,0.5396825396825397,0.4
CMPD_416,SA_CA,amide,CC(C)c1cccc(NC(=O)CCCNC(=O)CS)c1,0.4528301886792453,0.4528301886792453,0.4444444444444444,0.4528301886792453,0.36363636363636365,0.4528301886792453,0.4528301886792453,0.34782608695652173,0.4528301886792453
CMPD_417,SA_CA,amide,CCC#Cc1c(C)nc(NC(=O)[C@H](CC(C)C)NC(=O)CS)nc1N,0.2786885245901639,0.2786885245901639,0.2676056338028169,0.2786885245901639,0.2786885245901639,0.2777777777777778,0.3150684931506849,0.3150684931506849,0.28169014084507044
CMPD_418,SA_CA,amide,O=C(CS)NCCCC(=O)N(CCOCc1ccccc1)c1ccccc1,0.42857142857142855,0.42857142857142855,0.36507936507936506,0.42857142857142855,0.39655172413793105,0.42857142857142855,0.36507936507936506,0.3125,0.36507936507936506
CMPD_419,SA_CA,amide,CC(C)c1cccc(NC(=O)[C@@H](NC(=O)CS)C(C)C)c1,0.3898305084745763,0.3898305084745763,0.3582089552238806,0.37037037037037035,0.37037037037037035,0.3582089552238806,0.3582089552238806,0.3548387096774194,0.3582089552238806
CMPD_420,SA_CA,amide,CC(C)[C@H](NC(=O)CS)C(=O)N(CCOCc1ccccc1)c1ccccc1,0.3442622950819672,0.3442622950819672,0.3389830508474576,0.3442622950819672,0.31746031746031744,0.3442622950819672,0.3333333333333333,0.29850746268656714,0.3333333333333333
CMPD_421,SA_CA,amide,CCCCNC(=O)[C@H](CC(C)C)NC(=O)CS,0.47619047619047616,0.47619047619047616,0.3898305084745763,0.47619047619047616,0.47619047619047616,0.4339622641509434,0.3898305084745763,0.35185185185185186,0.3898305084745763
CMPD_422,SA_CA,amide,C/C(=N/NC(=O)CCCNC(=O)CS)c1c(O)ccc2c(C)cc(=O)oc12,0.5396825396825397,0.5396825396825397,0.5087719298245614,0.53125,0.5230769230769231,0.53125,0.5396825396825397,0.5396825396825397,0.48484848484848486
CMPD_423,SA_CA,amide,O=C(CS)NCCCC(=O)N(C[C@H]1CN(c2ccc(N3CCOCC3)cc2)CO1)Sc1ccccc1,0.325,0.325,0.3103448275862069,0.37333333333333335,0.37333333333333335,0.2840909090909091,0.28,0.26506024096385544,0.28
CMPD_424,SA_CA,amide,CC(C)[C@H](NC(=O)CS)C(=O)N(C[C@H]1CN(c2ccc(N3CCOCC3)cc2)CO1)Sc1ccccc1,0.3225806451612903,0.3225806451612903,0.3181818181818182,0.3684210526315789,0.3684210526315789,0.3181818181818182,0.27631578947368424,0.26744186046511625,0.27631578947368424
CMPD_425,SA_CA,amide,CC(C)C[C@H](NC(=O)CS)C(=O)Nc1cccc(C(C)C)c1,0.41818181818181815,0.41818181818181815,0.3225806451612903,0.41818181818181815,0.41818181818181815,0.3225806451612903,0.36666666666666664,0.3225806451612903,0.36666666666666664
CMPD_426,SA_CA,amide,CCC#Cc1c(C)nc(NC(=O)[C@@H](NC(=O)CS)C(C)C)nc1N,0.2535211267605634,0.25,0.2535211267605634,0.2535211267605634,0.23880597014925373,0.2535211267605634,0.2777777777777778,0.2777777777777778,0.2714285714285714
CMPD_427,SA_CA,amide,O=C(CS)NCCCC(=O)N(CCCCCC1CCCCC1)C1=C[N+]=CC=C1,0.26582278481012656,0.26582278481012656,0.2631578947368421,0.2857142857142857,0.2857142857142857,0.2631578947368421,0.26582278481012656,0.26582278481012656,0.2631578947368421
CMPD_428,SA_CA,amide,CCC(=O)N(C1=C[N+]=CC=C1)c1ccccc1,0.3191489361702128,0.30357142857142855,0.3191489361702128,0.3191489361702128,0.3013698630136986,0.3191489361702128,0.3191489361702128,0.3013698630136986,0.3191489361702128
CMPD_429,SA_CA,amide,CCCCCCCCN(C(=O)CCCNC(=O)CS)C1=CCN(C)CC1,0.34615384615384615,0.34545454545454546,0.34615384615384615,0.34615384615384615,0.34615384615384615,0.34615384615384615,0.34545454545454546,0.32142857142857145,0.34545454545454546
CMPD_430,SA_CA,amide,CCCCNC(=O)[C@@H](NC(=O)CS)C(C)C,0.45,0.45,0.40384615384615385,0.45,0.45,0.40384615384615385,0.40384615384615385,0.35714285714285715,0.40384615384615385
CMPD_431,SA_CA,amide,CCCCCCCCN(C(=O)[C@@H](NC(=O)CS)C(C)C)C1=CCN(C)CC1,0.32857142857142857,0.29310344827586204,0.32857142857142857,0.32857142857142857,0.29310344827586204,0.32857142857142857,0.32857142857142857,0.2391304347826087,0.32857142857142857
CMPD_432,SA_CA,amide,CC(C)C[C@H](NC(=O)CS)C(=O)N(CCOCc1ccccc1)c1ccccc1,0.3333333333333333,0.3333333333333333,0.3287671232876712,0.3333333333333333,0.32432432432432434,0.3333333333333333,0.42857142857142855,0.34615384615384615,0.42857142857142855
CMPD_433,SA_CA,amide,CC(C)[C@H](NC(=O)CS)C(=O)N(CCCCCC1CCCCC1)C1=C[N+]=CC=C1,0.275,0.275,0.2222222222222222,0.2727272727272727,0.2625,0.2727272727272727,0.275,0.275,0.23943661971830985
CMPD_434,SA_CA,amide,CCC#Cc1c(C)nc(NC(=O)CCCNC(=O)CS)nc1N,0.2878787878787879,0.2857142857142857,0.2878787878787879,0.2878787878787879,0.2857142857142857,0.2878787878787879,0.2878787878787879,0.2857142857142857,0.2878787878787879
CMPD_435,SA_CA,amide,O=C(CS)NCCCC(=O)N(CCCNc1ccc(N2CCOCC2)cc1)Sc1ccccc1,0.30985915492957744,0.29347826086956524,0.30985915492957744,0.30985915492957744,0.2835820895522388,0.30985915492957744,0.30985915492957744,0.2911392405063291,0.30985915492957744
CMPD_436,SA_CA,amide,CCCCNC(=O)CCCNC(=O)CS,0.6785714285714286,0.59375,0.6785714285714286,0.6785714285714286,0.6785714285714286,0.6785714285714286,0.59375,0.5454545454545454,0.59375
CMPD_437,SA_CA,amide,CCC(=O)N(C[C@H]1CN(c2ccc(N3CCOCC3)cc2)CO1)Sc1ccccc1,0.3972602739726027,0.3582089552238806,0.3972602739726027,0.3972602739726027,0.3939393939393939,0.3972602739726027,0.3125,0.29310344827586204,0.3125
CMPD_438,SA_CA,amide,CC(C)C[C@H](NC(=O)CS)C(=O)N(C[C@H]1CN(c2ccc(N3CCOCC3)cc2)CO1)Sc1ccccc1,0.3258426966292135,0.3157894736842105,0.3258426966292135,0.358974358974359,0.358974358974359,0.3258426966292135,0.2823529411764706,0.26136363636363635,0.2823529411764706
CMPD_439,SA_CA,amide,CC(C)C[C@H](NC(=O)CS)C(=O)N(CCCCCC1CCCCC1)C1=C[N+]=CC=C1,0.2804878048780488,0.2804878048780488,0.23684210526315788,0.2804878048780488,0.25609756097560976,0.2804878048780488,0.2804878048780488,0.2804878048780488,0.2328767123287671
CMPD_440,SA_CA,amide,CC(C)[C@H](NC(=O)CS)C(=O)N(CCCNc1ccc(N2CCOCC2)cc1)Sc1ccccc1,0.3118279569892473,0.3118279569892473,0.2972972972972973,0.3125,0.3125,0.2972972972972973,0.2972972972972973,0.2804878048780488,0.2972972972972973
CMPD_441,SA_CA,amide,CCC(=O)N(CCCNc1ccc(N2CCOCC2)cc1)Sc1ccccc1,0.3492063492063492,0.3373493975903614,0.3492063492063492,0.3492063492063492,0.3220338983050847,0.3492063492063492,0.3492063492063492,0.323943661971831,0.3492063492063492
CMPD_442,SA_CA,amide,CCCCCCCCN(C(=O)[C@H](CC(C)C)NC(=O)CS)C1=CCN(C)CC1,0.32786885245901637,0.32786885245901637,0.29333333333333333,0.32786885245901637,0.32786885245901637,0.3194444444444444,0.29333333333333333,0.2608695652173913,0.29333333333333333
CMPD_443,SA_CA,amide,CC(C)[C@H](NC(=O)CS)C(=O)N(CC(OCc1ccccc1)c1ccccc1)c1ccccc1,0.328125,0.328125,0.3225806451612903,0.328125,0.2948717948717949,0.328125,0.3188405797101449,0.30303030303030304,0.3188405797101449
CMPD_444,SA_CA,amide,O=C(CS)NCCCC(=O)N(CC(OCc1ccccc1)c1ccccc1)c1ccccc1,0.4,0.4,0.3333333333333333,0.4,0.3709677419354839,0.4,0.3389830508474576,0.30303030303030304,0.3389830508474576
CMPD_445,SA_CA,amide,CC(C)C[C@H](NC(=O)CS)C(=O)N(CCCNc1ccc(N2CCOCC2)cc1)Sc1ccccc1,0.30526315789473685,0.30526315789473685,0.29411764705882354,0.29411764705882354,0.2891566265060241,0.29411764705882354,0.29411764705882354,0.27380952380952384,0.29411764705882354
CMPD_446,SA_CA,amide,CCC(=O)N1CCN(C2=C(/C=C/C=[N+]c3ccccc3)CCC/C2=C\C=C\Nc2ccccc2)CC1,0.28865979381443296,0.28865979381443296,0.273972602739726,0.28865979381443296,0.2761904761904762,0.28865979381443296,0.28865979381443296,0.2761904761904762,0.28865979381443296
CMPD_447,SA_CA,amide,O=C(CS)NCCCC(=O)N1CCN(C2=C(/C=C/C=[N+]c3ccccc3)CCC/C2=C\C=C2/Cc3ccccc3N2)CC1,0.2641509433962264,0.2641509433962264,0.23478260869565218,0.2641509433962264,0.25210084033613445,0.2641509433962264,0.2641509433962264,0.25210084033613445,0.2641509433962264
CMPD_448,SA_CA,amide,CC(C)C[C@H](NC(=O)CS)C(=O)N(CC(OCc1ccccc1)c1ccccc1)c1ccccc1,0.32894736842105265,0.32894736842105265,0.3157894736842105,0.32894736842105265,0.32894736842105265,0.3181818181818182,0.4090909090909091,0.3333333333333333,0.4090909090909091
CMPD_449,SA_CA,amide,CCC(=O)N1CCN(C2=C(/C=C/C=[N+]c3ccccc3)CCC/C2=C\C=C2/Cc3ccccc3N2)CC1,0.30526315789473685,0.30526315789473685,0.2564102564102564,0.30526315789473685,0.28703703703703703,0.30526315789473685,0.30526315789473685,0.2871287128712871,0.30526315789473685
CMPD_450,SA_CA,amide,CCC(=O)N(/C=C/C=C1\CCCC(/C=C/C2=[N+]c3ccccc3C2)=C1N1CCNCC1)c1ccccc1,0.2857142857142857,0.2857142857142857,0.25,0.2857142857142857,0.2702702702702703,0.2857142857142857,0.2857142857142857,0.2702702702702703,0.2857142857142857
CMPD_451,SA_CA,amide,O=C(CS)NCCCC(=O)N1CCN(C2=C(/C=C/C3=[N+]c4ccccc4C3)CCC/C2=C\C=C2/Cc3ccccc3N2)CC1,0.2761904761904762,0.2761904761904762,0.22413793103448276,0.2761904761904762,0.2627118644067797,0.2761904761904762,0.2761904761904762,0.2627118644067797,0.2761904761904762
CMPD_452,SA_CA,amide,CC(C)[C@H](NC(=O)CS)C(=O)N1CCN(C2=C(/C=C/C=[N+]c3ccccc3)CCC/C2=C\C=C2/Cc3ccccc3N2)CC1,0.27102803738317754,0.27102803738317754,0.23636363636363636,0.27102803738317754,0.24793388429752067,0.27102803738317754,0.27102803738317754,0.25663716814159293,0.27102803738317754
CMPD_453,SA_CA,amide,CC(C)[C@H](NC(=O)CS)C(=O)N(/C=C/C=C1\CCCC(/C=C/C2=[N+]c3ccccc3C2)=C1N1CCNCC1)c1ccccc1,0.25688073394495414,0.25688073394495414,0.22321428571428573,0.25688073394495414,0.23577235772357724,0.25688073394495414,0.25688073394495414,0.24347826086956523,0.25688073394495414
CMPD_454,SA_CA,amide,O=C(CS)NCCCC(=O)N(/C=C/C=C1\CCCC(/C=C/C2=[N+]c3ccccc3C2)=C1N1CCNCC1)c1ccccc1,0.24770642201834864,0.24770642201834864,0.23,0.24770642201834864,0.23770491803278687,0.24770642201834864,0.24770642201834864,0.23770491803278687,0.24770642201834864
CMPD_455,SA_CA,amide,CC(C)[C@H](NC(=O)CS)C(=O)N1CCN(C2=C(/C=C/C=[N+]c3ccccc3)CCC/C2=C\C=C\Nc2ccccc2)CC1,0.27450980392156865,0.27450980392156865,0.2403846153846154,0.27450980392156865,0.23931623931623933,0.27450980392156865,0.25925925925925924,0.24770642201834864,0.25925925925925924
CMPD_456,SA_CA,amide,CCC(=O)N1CCN(C2=C(/C=C/C3=[N+]c4ccccc4C3)CCC/C2=C\C=C2/Cc3ccccc3N2)CC1,0.3191489361702128,0.3191489361702128,0.24050632911392406,0.3191489361702128,0.29906542056074764,0.3191489361702128,0.3191489361702128,0.3,0.3191489361702128
CMPD_457,SA_CA,amide,O=C(CS)NCCCC(=O)N1CCN(C2=C(/C=C/C=[N+]c3ccccc3)CCC/C2=C\C=C\Nc2ccccc2)CC1,0.25925925925925924,0.25925925925925924,0.25925925925925924,0.25925925925925924,0.2413793103448276,0.25925925925925924,0.25925925925925924,0.2413793103448276,0.25925925925925924
CMPD_458,SA_CA,amide,CC(C)[C@H](NC(=O)CS)C(=O)N1CCN(C2=C(/C=C/C3=[N+]c4ccccc4C3)CCC/C2=C\C=C2/Cc3ccccc3N2)CC1,0.2830188679245283,0.2830188679245283,0.22608695652173913,0.2830188679245283,0.25833333333333336,0.2830188679245283,0.2830188679245283,0.26785714285714285,0.2830188679245283
CMPD_459,SA_CA,amide,CC(C)C[C@H](NC(=O)CS)C(=O)N1CCN(C2=C(/C=C/C=[N+]c3ccccc3)CCC/C2=C\C=C2/Cc3ccccc3N2)CC1,0.2743362831858407,0.2743362831858407,0.22340425531914893,0.2743362831858407,0.24390243902439024,0.2743362831858407,0.29,0.25217391304347825,0.29
CMPD_460,SA_CA,amide,CCCCNC(=O)CC,0.64,0.5172413793103449,0.64,0.64,0.64,0.64,0.5,0.5,0.5
CMPD_461,SA_CA,amide,CCC(=O)NC(O)CC#N,0.25,0.23809523809523808,0.25,0.26666666666666666,0.25,0.26666666666666666,0.2857142857142857,0.2857142857142857,0.24
CMPD_462,SA_CA,amide,CC(C)C[C@H](NC(=O)CS)C(=O)N1CCN(C2=C(/C=C/C3=[N+]c4ccccc4C3)CCC/C2=C\C=C2/Cc3ccccc3N2)CC1,0.2857142857142857,0.2857142857142857,0.21238938053097345,0.2857142857142857,0.2540983606557377,0.2857142857142857,0.2857142857142857,0.2711864406779661,0.2857142857142857
CMPD_463,SA_CA,amide,CC(C)C[C@H](NC(=O)CS)C(=O)NC(O)CC#N,0.3220338983050847,0.3220338983050847,0.2923076923076923,0.3220338983050847,0.3220338983050847,0.3220338983050847,0.3541666666666667,0.30158730158730157,0.3541666666666667
CMPD_464,SA_CA,amide,CC(C)C[C@H](NC(=O)CS)C(=O)N(/C=C/C=C1\CCCC(/C=C/C2=[N+]c3ccccc3C2)=C1N1CCNCC1)c1ccccc1,0.2608695652173913,0.2608695652173913,0.22916666666666666,0.2608695652173913,0.232,0.2608695652173913,0.2608695652173913,0.24793388429752067,0.2608695652173913
CMPD_465,SA_CA,amide,CC(C)C[C@H](NC(=O)CS)C(=O)N1CCN(C2=C(/C=C/C=[N+]c3ccccc3)CCC/C2=C\C=C\Nc2ccccc2)CC1,0.26605504587155965,0.26605504587155965,0.226890756302521,0.26605504587155965,0.23529411764705882,0.26605504587155965,0.3020833333333333,0.2608695652173913,0.3020833333333333
CMPD_466,SA_CA,amide,CCC(=O)N(CC(OCc1ccccc1)c1ccccc1)c1ccccc1,0.36363636363636365,0.36363636363636365,0.3541666666666667,0.3541666666666667,0.3188405797101449,0.3541666666666667,0.36363636363636365,0.36363636363636365,0.3541666666666667
CMPD_467,SA_CA,amide,CCC(=O)Nc1cccc(C(C)C)c1,0.4444444444444444,0.4444444444444444,0.4222222222222222,0.4222222222222222,0.38,0.4222222222222222,0.4146341463414634,0.3953488372093023,0.4146341463414634
CMPD_468,SA_CA,amide,CC(C)[C@H](NC(=O)CS)C(=O)NC(O)CC#N,0.29310344827586204,0.24489795918367346,0.29310344827586204,0.29310344827586204,0.25925925925925924,0.29310344827586204,0.29310344827586204,0.23809523809523808,0.29310344827586204
CMPD_469,SA_CA,amide,CCC(=O)N(CCOCc1ccccc1)c1ccccc1,0.39215686274509803,0.39215686274509803,0.37209302325581395,0.39215686274509803,0.39215686274509803,0.39215686274509803,0.37209302325581395,0.3137254901960784,0.37209302325581395
CMPD_470,SA_CA,amide,N#CCC(O)NC(=O)CCCNC(=O)CS,0.34146341463414637,0.3333333333333333,0.34146341463414637,0.34146341463414637,0.34146341463414637,0.34146341463414637,0.3191489361702128,0.2826086956521739,0.3191489361702128
CMPD_471,SA_CA,amide,CCC(=O)N(CCCNCCCCCCNCCCNCCc1cc[nH]c1)CCCc1ccccc1,0.43636363636363634,0.43636363636363634,0.43636363636363634,0.43636363636363634,0.43636363636363634,0.43636363636363634,0.43636363636363634,0.328125,0.43636363636363634
CMPD_472,SA_CA,amide,CCC(=O)N(CCCCCC1CCCCC1)C1=C[N+]=CC=C1,0.3235294117647059,0.3235294117647059,0.25,0.3235294117647059,0.3235294117647059,0.3230769230769231,0.3235294117647059,0.3235294117647059,0.26666666666666666
CMPD_473,SA_CA,amide,CC(C)C[C@H](NC(=O)CS)C(=O)NCNN,0.34545454545454546,0.34545454545454546,0.33962264150943394,0.35294117647058826,0.34545454545454546,0.35294117647058826,0.37254901960784315,0.37254901960784315,0.35555555555555557
CMPD_474,SA_CA,amide,CCC(=O)NCNN,0.3448275862068966,0.30303030303030304,0.3448275862068966,0.3448275862068966,0.3333333333333333,0.3448275862068966,0.3333333333333333,0.3333333333333333,0.30303030303030304
CMPD_475,SA_CA,amide,CC(C)[C@H](NC(=O)CS)C(=O)NCNN,0.3137254901960784,0.2727272727272727,0.3137254901960784,0.375,0.3023255813953488,0.375,0.3137254901960784,0.3137254901960784,0.2909090909090909
CMPD_476,SA_CA,amide,NNCNC(=O)CCCNC(=O)CS,0.4117647058823529,0.40540540540540543,0.4117647058823529,0.41379310344827586,0.4117647058823529,0.41379310344827586,0.41025641025641024,0.40540540540540543,0.41025641025641024
CMPD_477,SA_CA,amide,CCCCCCCCN(C(=O)CC)C1=CCN(C)CC1,0.34146341463414637,0.30434782608695654,0.34146341463414637,0.34146341463414637,0.30434782608695654,0.34146341463414637,0.3076923076923077,0.3,0.3076923076923077
CMPD_478,SA_CA,amide,CCC(=O)N(CCCNCCCCCCNCCCNCCc1c[nH]c2ccccc12)CCCc1ccccc1,0.5084745762711864,0.5084745762711864,0.4915254237288136,0.5084745762711864,0.5084745762711864,0.5084745762711864,0.5084745762711864,0.5084745762711864,0.5084745762711864
CMPD_479,SA_CA,amide,CCC(=O)N(CCCNCCCCCCCCCCNCCCNCCc1cc[nH]c1)CCCc1ccccc1,0.43636363636363634,0.43636363636363634,0.43636363636363634,0.43636363636363634,0.43636363636363634,0.43636363636363634,0.43636363636363634,0.328125,0.43636363636363634
CMPD_480,SA_CA,amide,CCC(=O)N(CCCNCCCCCCNCCCNCCCc1ccccc1)CCCc1ccccc1,0.5681818181818182,0.5111111111111111,0.5681818181818182,0.5681818181818182,0.5111111111111111,0.5681818181818182,0.5681818181818182,0.34615384615384615,0.5681818181818182
CMPD_481,SA_CA,amide,CCC(=O)N(CCCNCCCCCCCCCCNCCCNCCc1c[nH]c2ccccc12)CCCc1ccccc1,0.5084745762711864,0.5084745762711864,0.4915254237288136,0.5084745762711864,0.5084745762711864,0.5084745762711864,0.5084745762711864,0.5084745762711864,0.5084745762711864
CMPD_482,SA_CA,amide,CCC(=O)N(CCCNCCCCCCCCCCNCCCNCCCc1ccccc1)CCCc1ccccc1,0.5681818181818182,0.5111111111111111,0.5681818181818182,0.5681818181818182,0.5111111111111111,0.5681818181818182,0.5681818181818182,0.34615384615384615,0.5681818181818182
CMPD_483,SA_CA,amide,O=C(CS)NCCCC(=O)N(CCCNCCCCCCNCCCNCCCc1ccccc1)CCCc1ccccc1,0.6382978723404256,0.5833333333333334,0.6382978723404256,0.6382978723404256,0.5833333333333334,0.6382978723404256,0.6382978723404256,0.39285714285714285,0.6382978723404256
CMPD_484,SA_CA,amide,CC(C)[C@H](NC(=O)CS)C(=O)N(CCCNCCCCCCNCCCNCCCc1ccccc1)CCCc1ccccc1,0.48148148148148145,0.43636363636363634,0.48148148148148145,0.48148148148148145,0.43636363636363634,0.48148148148148145,0.48148148148148145,0.3114754098360656,0.48148148148148145
CMPD_485,SA_CA,amide,CC(C)C[C@H](NC(=O)CS)C(=O)N(CCCNCCCCCCNCCCNCCCc1ccccc1)CCCc1ccccc1,0.4642857142857143,0.42105263157894735,0.4642857142857143,0.4642857142857143,0.42105263157894735,0.4642857142857143,0.4642857142857143,0.31746031746031744,0.4642857142857143
CMPD_486,SA_CA,amide,O=C(CS)NCCCC(=O)N(CCCNCCCCCCNCCCNCCc1cc[nH]c1)CCCc1ccccc1,0.5,0.5,0.5,0.5,0.5,0.5,0.5,0.34782608695652173,0.5
CMPD_487,SA_CA,amide,O=C(CS)NCCCC(=O)N(CCCNCCCCCCCCCCNCCCNCCCc1ccccc1)CCCc1ccccc1,0.6382978723404256,0.5833333333333334,0.6382978723404256,0.6382978723404256,0.5833333333333334,0.6382978723404256,0.6382978723404256,0.39285714285714285,0.6382978723404256
CMPD_488,SA_CA,amide,CC(C)[C@H](NC(=O)CS)C(=O)N(CCCNCCCCCCNCCCNCCc1cc[nH]c1)CCCc1ccccc1,0.38461538461538464,0.38461538461538464,0.38461538461538464,0.38461538461538464,0.38461538461538464,0.38461538461538464,0.38461538461538464,0.28,0.38461538461538464
CMPD_489,SA_CA,amide,CC(C)[C@H](NC(=O)CS)C(=O)N(CCCNCCCCCCCCCCNCCCNCCCc1ccccc1)CCCc1ccccc1,0.48148148148148145,0.43636363636363634,0.48148148148148145,0.48148148148148145,0.43636363636363634,0.48148148148148145,0.48148148148148145,0.3114754098360656,0.48148148148148145
CMPD_490,SA_CA,amide,CC(C)C[C@H](NC(=O)CS)C(=O)N(CCCNCCCCCCNCCCNCCc1cc[nH]c1)CCCc1ccccc1,0.373134328358209,0.373134328358209,0.373134328358209,0.373134328358209,0.373134328358209,0.373134328358209,0.373134328358209,0.2857142857142857,0.373134328358209
CMPD_491,SA_CA,amide,CC(C)C[C@H](NC(=O)CS)C(=O)N(CCCNCCCCCCCCCCNCCCNCCCc1ccccc1)CCCc1ccccc1,0.4642857142857143,0.42105263157894735,0.4642857142857143,0.4642857142857143,0.42105263157894735,0.4642857142857143,0.4642857142857143,0.31746031746031744,0.4642857142857143
CMPD_492,SA_CA,amide,O=C(CS)NCCCC(=O)N(CCCNCCCCCCNCCCNCCc1c[nH]c2ccccc12)CCCc1ccccc1,0.5396825396825397,0.5396825396825397,0.46774193548387094,0.5396825396825397,0.5396825396825397,0.5396825396825397,0.5396825396825397,0.5396825396825397,0.5396825396825397
CMPD_493,SA_CA,amide,O=C(CS)NCCCC(=O)N(CCCNCCCCCCCCCCNCCCNCCc1cc[nH]c1)CCCc1ccccc1,0.5,0.5,0.5,0.5,0.5,0.5,0.5,0.34782608695652173,0.5
CMPD_494,SA_CA,amide,CC(C)[C@H](NC(=O)CS)C(=O)N(CCCNCCCCCCNCCCNCCc1c[nH]c2ccccc12)CCCc1ccccc1,0.4492753623188406,0.4492753623188406,0.38666666666666666,0.4492753623188406,0.4492753623188406,0.4492753623188406,0.4492753623188406,0.4492753623188406,0.4492753623188406
CMPD_495,SA_CA,amide,CC(C)[C@H](NC(=O)CS)C(=O)N(CCCNCCCCCCCCCCNCCCNCCc1cc[nH]c1)CCCc1ccccc1,0.38461538461538464,0.38461538461538464,0.38461538461538464,0.38461538461538464,0.38461538461538464,0.38461538461538464,0.38461538461538464,0.28,0.38461538461538464
CMPD_496,SA_CA,amide,CC(C)C[C@H](NC(=O)CS)C(=O)N(CCCNCCCCCCNCCCNCCc1c[nH]c2ccccc12)CCCc1ccccc1,0.43661971830985913,0.43661971830985913,0.37662337662337664,0.43661971830985913,0.43661971830985913,0.43661971830985913,0.43661971830985913,0.43661971830985913,0.43661971830985913
CMPD_497,SA_CA,amide,CC(C)C[C@H](NC(=O)CS)C(=O)N(CCCNCCCCCCCCCCNCCCNCCc1cc[nH]c1)CCCc1ccccc1,0.373134328358209,0.373134328358209,0.373134328358209,0.373134328358209,0.373134328358209,0.373134328358209,0.373134328358209,0.2857142857142857,0.373134328358209
CMPD_498,SA_CA,amide,O=C(CS)NCCCC(=O)N(CCCNCCCCCCCCCCNCCCNCCc1c[nH]c2ccccc12)CCCc1ccccc1,0.5396825396825397,0.5396825396825397,0.46774193548387094,0.5396825396825397,0.5396825396825397,0.5396825396825397,0.5396825396825397,0.5396825396825397,0.5396825396825397
CMPD_499,SA_CA,amide,CC(C)[C@H](NC(=O)CS)C(=O)N(CCCNCCCCCCCCCCNCCCNCCc1c[nH]c2ccccc12)CCCc1ccccc1,0.4492753623188406,0.4492753623188406,0.38666666666666666,0.4492753623188406,0.4492753623188406,0.4492753623188406,0.4492753623188406,0.4492753623188406,0.4492753623188406
CMPD_500,SA_CA,amide,CC(C)C[C@H](NC(=O)CS)C(=O)N(CCCNCCCCCCCCCCNCCCNCCc1c[nH]c2ccccc12)CCCc1ccccc1,0.43661971830985913,0.43661971830985913,0.37662337662337664,0.43661971830985913,0.43661971830985913,0.43661971830985913,0.43661971830985913,0.43661971830985913,0.43661971830985913
CMPD_501,CA_EC,amide,NC(Cc1ccccc1)C(=O)N(CN[C@H]1CCCCO1)c1nccs1,0.32857142857142857,0.3220338983050847,0.32857142857142857,0.32857142857142857,0.3220338983050847,0.32857142857142857,0.3220338983050847,0.3220338983050847,0.31746031746031744
CMPD_502,CA_EC,amide,Cc1ccc(S(=O)(=O)NC(=S)NC(=O)N(C)Cc2ccccc2)cc1,0.48936170212765956,0.3620689655172414,0.48936170212765956,0.48936170212765956,0.48936170212765956,0.44680851063829785,0.41818181818181815,0.41818181818181815,0.39344262295081966
CMPD_503,CA_EC,amide,CN(Cc1ccccc1)C(=O)N1CN(c2nncs2)C=N1,0.3384615384615385,0.27710843373493976,0.3384615384615385,0.3384615384615385,0.2727272727272727,0.3384615384615385,0.3384615384615385,0.3148148148148148,0.3384615384615385
CMPD_504,CA_EC,amide,COC(=O)C(Cc1ccccc1)NC(=O)C(N)Cc1ccccc1,0.7441860465116279,0.6341463414634146,0.7441860465116279,0.7441860465116279,0.6341463414634146,0.7441860465116279,0.6052631578947368,0.58,0.6052631578947368
CMPD_505,CA_EC,amide,CCC(C)OCCCCNC(=N)NC(=O)C(N)Cc1ccccc1,0.5370370370370371,0.5370370370370371,0.5370370370370371,0.5370370370370371,0.5370370370370371,0.5370370370370371,0.4423076923076923,0.37254901960784315,0.4423076923076923
CMPD_506,CA_EC,amide,CCOP(=O)(CC(C#N)C(=O)N1CCN(CCN2CC=CC=N2)CC1)OCC,0.2375,0.2375,0.23232323232323232,0.2413793103448276,0.2413793103448276,0.23232323232323232,0.2413793103448276,0.2413793103448276,0.23232323232323232
CMPD_507,CA_EC,amide,CCC(C)OCCCCNC(=N)NC(=O)N(C)Cc1ccccc1,0.34615384615384615,0.34615384615384615,0.3387096774193548,0.3424657534246575,0.3387096774193548,0.3424657534246575,0.3333333333333333,0.30357142857142855,0.3333333333333333
CMPD_508,CA_EC,amide,CCOP(=O)(CC(C#N)C(=O)N1Cc2ccsc2C1)OCC,0.28378378378378377,0.27941176470588236,0.28378378378378377,0.28378378378378377,0.27848101265822783,0.28378378378378377,0.30303030303030304,0.2894736842105263,0.30303030303030304
CMPD_509,CA_EC,amide,COC(=O)C(Cc1ccccc1)NC(=O)N(C)Cc1ccccc1,0.5098039215686274,0.48148148148148145,0.5098039215686274,0.5098039215686274,0.3880597014925373,0.5098039215686274,0.48148148148148145,0.48148148148148145,0.45652173913043476
CMPD_510,CA_EC,amide,CN(Cc1ccccc1)C(=O)N1CCN(CCN2CC=CC=N2)CC1,0.3382352941176471,0.3013698630136986,0.3382352941176471,0.35294117647058826,0.3013698630136986,0.35294117647058826,0.3382352941176471,0.3181818181818182,0.3382352941176471
CMPD_511,CA_EC,amide,CCOP(=O)(CC(C#N)C(=O)NC(Cc1ccccc1)C(=O)OC)OCC,0.4915254237288136,0.4,0.4915254237288136,0.4915254237288136,0.35064935064935066,0.4915254237288136,0.4,0.4,0.39705882352941174
CMPD_512,CA_EC,amide,NC(Cc1ccccc1)C(=O)N1Cc2ccsc2C1,0.4634146341463415,0.4634146341463415,0.41304347826086957,0.4634146341463415,0.4634146341463415,0.41304347826086957,0.4634146341463415,0.4634146341463415,0.41304347826086957
CMPD_513,CA_EC,amide,Cc1ccc(S(=O)(=O)NC(=S)NC(=O)C(N)Cc2ccccc2)cc1,0.5,0.4339622641509434,0.5,0.5,0.4791666666666667,0.5,0.5,0.4406779661016949,0.5
CMPD_514,CA_EC,amide,NC(Cc1ccccc1)C(=O)N(CCOPNCCc1ccccc1)C1=CCOC=C1,0.36231884057971014,0.3333333333333333,0.36231884057971014,0.36231884057971014,0.31666666666666665,0.36231884057971014,0.31666666666666665,0.31666666666666665,0.3125
CMPD_515,CA_EC,amide,NC(Cc1ccccc1)C(=O)N1C=CC(c2cnn(-c3ccccc3)c2)CC1,0.38461538461538464,0.38461538461538464,0.3275862068965517,0.38461538461538464,0.38461538461538464,0.3275862068965517,0.38461538461538464,0.38461538461538464,0.3275862068965517
CMPD_516,CA_EC,amide,CCOP(=O)(CC(C#N)C(=O)N1CN(c2nncs2)C=N1)OCC,0.24,0.24,0.23076923076923078,0.27058823529411763,0.27058823529411763,0.24,0.27058823529411763,0.27058823529411763,0.24
CMPD_517,CA_EC,amide,CCOP(=O)(CC(C#N)C(=O)NC(=S)NS(=O)(=O)c1ccc(C)cc1)OCC,0.39655172413793105,0.3181818181818182,0.39655172413793105,0.4,0.38596491228070173,0.4,0.3787878787878788,0.3787878787878788,0.36231884057971014
CMPD_518,CA_EC,amide,CN(Cc1ccccc1)C(=O)N(CN[C@H]1CCCCO1)c1nccs1,0.2839506172839506,0.25,0.2839506172839506,0.2839506172839506,0.25609756097560976,0.2839506172839506,0.31645569620253167,0.29411764705882354,0.31645569620253167
CMPD_519,CA_EC,amide,NC(Cc1ccccc1)C(=O)N1CCN(CCN2CC=CC=N2)CC1,0.38,0.38,0.34545454545454546,0.3888888888888889,0.3888888888888889,0.34545454545454546,0.38,0.38,0.34545454545454546
CMPD_520,CA_EC,amide,NC(Cc1ccccc1)C(=O)N(C1=C(Cc2cn[nH]c2)CCCC1)c1ccccc1,0.35185185185185186,0.35185185185185186,0.3448275862068966,0.35185185185185186,0.35185185185185186,0.3448275862068966,0.35185185185185186,0.35185185185185186,0.3448275862068966
CMPD_521,CA_EC,amide,CCCN(CC=C(C)C)C(=O)C(C#N)CP(=O)(OCC)OCC,0.32075471698113206,0.2222222222222222,0.32075471698113206,0.32075471698113206,0.24050632911392406,0.32075471698113206,0.24050632911392406,0.24050632911392406,0.22580645161290322
CMPD_522,CA_EC,amide,NC(Cc1ccccc1)C(=O)N(CN[C@H]1CCCCO1)c1nc(-c2ccccc2)cs1,0.34285714285714286,0.34285714285714286,0.32,0.34285714285714286,0.3142857142857143,0.34285714285714286,0.3116883116883117,0.3064516129032258,0.3116883116883117
CMPD_523,CA_EC,amide,CCCN(CC=C(C)C)C(=O)C(N)Cc1ccccc1,0.6222222222222222,0.6222222222222222,0.5,0.6222222222222222,0.4634146341463415,0.6222222222222222,0.4634146341463415,0.4634146341463415,0.4444444444444444
CMPD_524,CA_EC,amide,NC(Cc1ccccc1)C(=O)N1CN(c2nncs2)C=N1,0.3877551020408163,0.3877551020408163,0.35185185185185186,0.3877551020408163,0.3877551020408163,0.35185185185185186,0.3877551020408163,0.3877551020408163,0.35185185185185186
CMPD_525,CA_EC,amide,CCOP(=O)(CC(C#N)C(=O)N(CN[C@H]1CCCCO1)c1nccs1)OCC,0.24175824175824176,0.24175824175824176,0.23529411764705882,0.24175824175824176,0.21782178217821782,0.24175824175824176,0.21782178217821782,0.21782178217821782,0.2127659574468085
CMPD_526,CA_EC,amide,NC(Cc1ccccc1)C(=O)N(C=CCc1cnn(-c2ccccc2)c1)c1ccccc1,0.373134328358209,0.36538461538461536,0.373134328358209,0.373134328358209,0.36538461538461536,0.373134328358209,0.373134328358209,0.36538461538461536,0.373134328358209
CMPD_527,CA_EC,amide,CCC(C)OCCCCCCCCNC(=N)NC(=O)N(C)Cc1ccccc1,0.3548387096774194,0.3548387096774194,0.3548387096774194,0.3548387096774194,0.3548387096774194,0.3548387096774194,0.3275862068965517,0.3114754098360656,0.3275862068965517
CMPD_528,CA_EC,amide,CNCCOP(=O)(NC(Cc1ccccc1)C(=O)N1CCN(CCN2CC=CC=N2)CC1)Oc1ccccc1,0.35714285714285715,0.35714285714285715,0.3020833333333333,0.3870967741935484,0.3870967741935484,0.3434343434343434,0.3870967741935484,0.3870967741935484,0.3434343434343434
CMPD_529,CA_EC,amide,NC(Cc1ccccc1)C(=O)N1CCC(c2cnn(-c3ccccc3)c2)C2=C1CCCC2,0.3684210526315789,0.3684210526315789,0.3088235294117647,0.3684210526315789,0.3684210526315789,0.328125,0.3684210526315789,0.3684210526315789,0.296875
CMPD_530,CA_EC,amide,CCC(C)OCCCCCCCCNC(=N)NC(=O)C(N)Cc1ccccc1,0.5555555555555556,0.5555555555555556,0.5555555555555556,0.5555555555555556,0.5555555555555556,0.5555555555555556,0.4339622641509434,0.36538461538461536,0.4339622641509434
CMPD_531,CA_EC,amide,NC(Cc1ccccc1)C(=O)N(CCc1ccccc1)POc1ccccc1,0.4523809523809524,0.4523809523809524,0.4339622641509434,0.4523809523809524,0.4523809523809524,0.45098039215686275,0.4523809523809524,0.4523809523809524,0.40425531914893614
CMPD_532,CA_EC,amide,CN(Cc1ccccc1)C(=O)N(C1=C(Cc2cn[nH]c2)CCCC1)c1ccccc1,0.3116883116883117,0.273972602739726,0.3116883116883117,0.3116883116883117,0.2463768115942029,0.3116883116883117,0.3235294117647059,0.29310344827586204,0.3235294117647059
CMPD_533,CA_EC,amide,CCOP(=O)(CC(C#N)C(=O)NC(=N)NCCCCOC(C)CC)OCC,0.2857142857142857,0.2857142857142857,0.2638888888888889,0.2857142857142857,0.2857142857142857,0.2638888888888889,0.2857142857142857,0.2857142857142857,0.2638888888888889
CMPD_534,CA_EC,amide,CN(Cc1ccccc1)C(=O)N(CN[C@H]1CCCCO1)c1nc(-c2ccccc2)cs1,0.34782608695652173,0.34782608695652173,0.32432432432432434,0.34782608695652173,0.31645569620253167,0.34782608695652173,0.32432432432432434,0.32432432432432434,0.3157894736842105
CMPD_535,CA_EC,amide,CNCCOP(=O)(NC(Cc1ccccc1)C(=O)N1Cc2ccsc2C1)Oc1ccccc1,0.4044943820224719,0.4044943820224719,0.32954545454545453,0.4235294117647059,0.4235294117647059,0.3888888888888889,0.4235294117647059,0.4235294117647059,0.3888888888888889
CMPD_536,CA_EC,amide,NC(Cc1ccccc1)C(=O)N(C1=C(Cc2cnn(-c3ccccc3)c2)CCCC1)c1ccccc1,0.3472222222222222,0.3333333333333333,0.3472222222222222,0.3472222222222222,0.3333333333333333,0.3472222222222222,0.3472222222222222,0.3333333333333333,0.3472222222222222
CMPD_537,CA_EC,amide,NC(Cc1ccccc1)C(=O)N(CCc1ccccc1)POCCNCc1ccccc1,0.43103448275862066,0.39655172413793105,0.43103448275862066,0.43103448275862066,0.3877551020408163,0.43103448275862066,0.3877551020408163,0.3877551020408163,0.37735849056603776
CMPD_538,CA_EC,amide,NC(Cc1ccccc1)C(=O)N(CCOPNCCc1ccccc1)C1=CCOc2ccccc21,0.352112676056338,0.323943661971831,0.352112676056338,0.352112676056338,0.3064516129032258,0.352112676056338,0.3064516129032258,0.3064516129032258,0.30303030303030304
CMPD_539,CA_EC,amide,CNCCOP(=O)(NC(Cc1ccccc1)C(=O)N1CN(c2nncs2)C=N1)Oc1ccccc1,0.35714285714285715,0.35714285714285715,0.28865979381443296,0.3723404255319149,0.3723404255319149,0.35714285714285715,0.3723404255319149,0.3723404255319149,0.35714285714285715
CMPD_540,CA_EC,amide,CCCCCCCN(CCC)C(=O)C(C#N)CP(=O)(OCC)OCC,0.41304347826086957,0.41304347826086957,0.37254901960784315,0.41304347826086957,0.41304347826086957,0.3958333333333333,0.3269230769230769,0.3269230769230769,0.2978723404255319
CMPD_541,CA_EC,amide,CCOP(=O)(CC(C#N)C(=O)N1C=CC(c2cnn(-c3ccccc3)c2)CC1)OCC,0.2716049382716049,0.25609756097560976,0.2716049382716049,0.27472527472527475,0.27472527472527475,0.2716049382716049,0.27472527472527475,0.27472527472527475,0.2716049382716049
CMPD_542,CA_EC,amide,CCCCCCCCCN(CCC)C(=O)C(C#N)CP(=O)(OCC)OCC,0.41304347826086957,0.41304347826086957,0.37254901960784315,0.41304347826086957,0.41304347826086957,0.3958333333333333,0.3269230769230769,0.3269230769230769,0.2978723404255319
CMPD_543,CA_EC,amide,CN(Cc1ccccc1)C(=O)N(CCOPNCCc1ccccc1)C1=CCOC=C1,0.27380952380952384,0.2631578947368421,0.27380952380952384,0.27380952380952384,0.2631578947368421,0.27380952380952384,0.2727272727272727,0.265625,0.2727272727272727
CMPD_544,CA_EC,amide,CCOP(=O)(CC(C#N)C(=O)N(CCc1ccccc1)POc1ccccc1)OCC,0.30303030303030304,0.28378378378378377,0.30303030303030304,0.3333333333333333,0.3048780487804878,0.3333333333333333,0.3048780487804878,0.3048780487804878,0.30303030303030304
CMPD_545,CA_EC,amide,CN(Cc1ccccc1)C(=O)N(C=CCc1cnn(-c2ccccc2)c1)c1ccccc1,0.4,0.2676056338028169,0.4,0.4,0.25396825396825395,0.4,0.4,0.30357142857142855,0.4
CMPD_546,CA_EC,amide,CN(Cc1ccccc1)C(=O)N1CCC(c2cnn(-c3ccccc3)c2)C2=C1CCCC2,0.3108108108108108,0.2608695652173913,0.3108108108108108,0.3108108108108108,0.26436781609195403,0.3108108108108108,0.3108108108108108,0.3,0.3108108108108108
CMPD_547,CA_EC,amide,CN(Cc1ccccc1)C(=O)N1C=CC(c2cnn(-c3ccccc3)c2)CC1,0.3382352941176471,0.27906976744186046,0.3382352941176471,0.3382352941176471,0.275,0.3382352941176471,0.3382352941176471,0.3076923076923077,0.3382352941176471
CMPD_548,CA_EC,amide,CCCN(CC=C(C)C)C(=O)C(Cc1ccccc1)NP(=O)(OCCNC)Oc1ccccc1,0.42045454545454547,0.42045454545454547,0.3448275862068966,0.44047619047619047,0.44047619047619047,0.4044943820224719,0.44047619047619047,0.44047619047619047,0.4044943820224719
CMPD_549,CA_EC,amide,CCOP(=O)(CC(C#N)C(=O)N1CCC(c2cnn(-c3ccccc3)c2)C2=C1CCCC2)OCC,0.25833333333333336,0.25287356321839083,0.25833333333333336,0.2708333333333333,0.2708333333333333,0.25287356321839083,0.2708333333333333,0.2708333333333333,0.25833333333333336
CMPD_550,CA_EC,amide,CN(Cc1ccccc1)C(=O)N(CCOPNCCc1ccccc1)C1=CCOc2ccccc21,0.2696629213483146,0.2564102564102564,0.2696629213483146,0.2696629213483146,0.2564102564102564,0.2696629213483146,0.2647058823529412,0.25925925925925924,0.2647058823529412
CMPD_551,CA_EC,amide,CCCCCCCN(CCC)C(=O)C(N)Cc1ccccc1,0.9459459459459459,0.9459459459459459,0.6122448979591837,0.9459459459459459,0.6122448979591837,0.9459459459459459,0.475,0.475,0.45454545454545453
CMPD_552,CA_EC,amide,CN(Cc1ccccc1)C(=O)N(CCc1ccccc1)POc1ccccc1,0.33962264150943394,0.3064516129032258,0.33962264150943394,0.33962264150943394,0.30303030303030304,0.33962264150943394,0.3695652173913043,0.3695652173913043,0.33962264150943394
CMPD_553,CA_EC,amide,CN(Cc1ccccc1)C(=O)N(CCc1ccccc1)POCCNCc1ccccc1,0.3283582089552239,0.3076923076923077,0.3283582089552239,0.3283582089552239,0.3076923076923077,0.3283582089552239,0.3283582089552239,0.32075471698113206,0.3283582089552239
CMPD_554,CA_EC,amide,NC(Cc1ccccc1)C(=O)N(CCc1ccccc1)P(OCCNCc1ccccc1)Oc1ccccc1,0.3968253968253968,0.36507936507936506,0.3968253968253968,0.3968253968253968,0.35185185185185186,0.3968253968253968,0.35185185185185186,0.35185185185185186,0.3448275862068966
CMPD_555,CA_EC,amide,CCOP(=O)(CC(C#N)C(=O)N(C=CCc1cnn(-c2ccccc2)c1)c1ccccc1)OCC,0.3333333333333333,0.25,0.3333333333333333,0.3333333333333333,0.2717391304347826,0.3333333333333333,0.3333333333333333,0.2717391304347826,0.3333333333333333
CMPD_556,CA_EC,amide,CN(Cc1ccccc1)C(=O)N(CCOP(NCCc1ccccc1)Oc1ccccc1)C1=CCOC=C1,0.2631578947368421,0.25609756097560976,0.2631578947368421,0.2631578947368421,0.24691358024691357,0.2631578947368421,0.2631578947368421,0.2463768115942029,0.2631578947368421
CMPD_557,CA_EC,amide,CN(Cc1ccccc1)C(=O)N1Cc2ccsc2C1,0.3484848484848485,0.3333333333333333,0.3484848484848485,0.3484848484848485,0.31343283582089554,0.3484848484848485,0.3695652173913043,0.3695652173913043,0.3389830508474576
CMPD_558,CA_EC,amide,CCOP(=O)(CC(C#N)C(=O)N(C1=C(Cc2cn[nH]c2)CCCC1)c1ccccc1)OCC,0.25675675675675674,0.23958333333333334,0.25675675675675674,0.25675675675675674,0.2553191489361702,0.25675675675675674,0.25675675675675674,0.2553191489361702,0.25675675675675674
CMPD_559,CA_EC,amide,NC(Cc1ccccc1)C(=O)N(CCOP(NCCc1ccccc1)Oc1ccccc1)C1=CCOC=C1,0.33783783783783783,0.3108108108108108,0.33783783783783783,0.33783783783783783,0.2923076923076923,0.33783783783783783,0.2923076923076923,0.2923076923076923,0.2898550724637681
CMPD_560,CA_EC,amide,CCCCCCCCCN(CCC)C(=O)C(N)Cc1ccccc1,0.9459459459459459,0.9459459459459459,0.6122448979591837,0.9459459459459459,0.6122448979591837,0.9459459459459459,0.475,0.475,0.45454545454545453
CMPD_561,CA_EC,amide,CN(Cc1ccccc1)C(=O)N(C1=C(Cc2cnn(-c3ccccc3)c2)CCCC1)c1ccccc1,0.37142857142857144,0.2631578947368421,0.37142857142857144,0.37142857142857144,0.25,0.37142857142857144,0.37142857142857144,0.2786885245901639,0.37142857142857144
CMPD_562,CA_EC,amide,COC(=O)C(Cc1ccccc1)NP(=O)(OCCN(C)C(=O)N(C)Cc1ccccc1)Oc1ccccc1,0.5733333333333334,0.5733333333333334,0.45454545454545453,0.6056338028169014,0.6056338028169014,0.5733333333333334,0.6056338028169014,0.6056338028169014,0.5733333333333334
CMPD_563,CA_EC,amide,NC(Cc1ccccc1)C(=O)N(CCOP(NCCc1ccccc1)Oc1ccccc1)C1=CCOc2ccccc21,0.32894736842105265,0.3026315789473684,0.32894736842105265,0.32894736842105265,0.2835820895522388,0.32894736842105265,0.2835820895522388,0.2835820895522388,0.28169014084507044
CMPD_564,CA_EC,amide,CCCCCCCN(CCC)C(=O)C(Cc1ccccc1)NP(=O)(OCCNC)Oc1ccccc1,0.4603174603174603,0.4603174603174603,0.3561643835616438,0.463768115942029,0.45121951219512196,0.463768115942029,0.45121951219512196,0.45121951219512196,0.41379310344827586
CMPD_565,CA_EC,amide,CCOP(=O)(CC(C#N)C(=O)N(C1=C(Cc2cnn(-c3ccccc3)c2)CCCC1)c1ccccc1)OCC,0.3132530120481928,0.24509803921568626,0.3132530120481928,0.3132530120481928,0.25773195876288657,0.3132530120481928,0.3132530120481928,0.25773195876288657,0.3132530120481928
CMPD_566,CA_EC,amide,CN(Cc1ccccc1)C(=O)N(CCOP(NCCc1ccccc1)Oc1ccccc1)C1=CCOc2ccccc21,0.2564102564102564,0.25,0.2564102564102564,0.2564102564102564,0.24096385542168675,0.2564102564102564,0.2564102564102564,0.2441860465116279,0.2564102564102564
CMPD_567,CA_EC,amide,CCOP(=O)(CC(C#N)C(=O)N(CN[C@H]1CCCCO1)c1nc(-c2ccccc2)cs1)OCC,0.28888888888888886,0.28888888888888886,0.2826086956521739,0.2826086956521739,0.2826086956521739,0.27906976744186046,0.313953488372093,0.2826086956521739,0.313953488372093
CMPD_568,CA_EC,amide,CNCCOP(=O)(NC(Cc1ccccc1)C(=O)NC(Cc1ccccc1)C(=O)OC)Oc1ccccc1,0.5064935064935064,0.5064935064935064,0.4444444444444444,0.5342465753424658,0.5342465753424658,0.48717948717948717,0.5342465753424658,0.5342465753424658,0.48717948717948717
CMPD_569,CA_EC,amide,CN(Cc1ccccc1)C(=O)N(CCc1ccccc1)P(OCCNCc1ccccc1)Oc1ccccc1,0.3055555555555556,0.2857142857142857,0.3055555555555556,0.3055555555555556,0.2857142857142857,0.3055555555555556,0.3055555555555556,0.29310344827586204,0.3055555555555556
CMPD_570,CA_EC,amide,CNCCOP(=O)(NC(Cc1ccccc1)C(=O)N1C=CC(c2cnn(-c3ccccc3)c2)CC1)Oc1ccccc1,0.3431372549019608,0.3431372549019608,0.27722772277227725,0.35714285714285715,0.35714285714285715,0.3300970873786408,0.35714285714285715,0.35714285714285715,0.3300970873786408
CMPD_571,CA_EC,amide,CCCCCCCN(CCC)C(=O)N(C)Cc1ccccc1,0.5217391304347826,0.5217391304347826,0.5098039215686274,0.5217391304347826,0.5098039215686274,0.5217391304347826,0.3953488372093023,0.3953488372093023,0.37037037037037035
CMPD_572,CA_EC,amide,COC(=O)C(Cc1ccccc1)NP(=O)(OCCN(C)C(=O)C(N)Cc1ccccc1)Oc1ccccc1,0.5657894736842105,0.5657894736842105,0.44155844155844154,0.5972222222222222,0.5972222222222222,0.5657894736842105,0.5972222222222222,0.5972222222222222,0.5657894736842105
CMPD_573,CA_EC,amide,CCCCCCCCCN(CCC)C(=O)N(C)Cc1ccccc1,0.5217391304347826,0.5217391304347826,0.5098039215686274,0.5217391304347826,0.5098039215686274,0.5217391304347826,0.3953488372093023,0.3953488372093023,0.37037037037037035
CMPD_574,CA_EC,amide,CCCN(CC=C(C)C)C(=O)N(C)Cc1ccccc1,0.3584905660377358,0.3584905660377358,0.3508771929824561,0.3584905660377358,0.3389830508474576,0.3584905660377358,0.37777777777777777,0.37777777777777777,0.34615384615384615
CMPD_575,CA_EC,amide,CCCCCCCCCN(CCC)C(=O)C(Cc1ccccc1)NP(=O)(OCCNC)Oc1ccccc1,0.4603174603174603,0.4603174603174603,0.3561643835616438,0.463768115942029,0.45121951219512196,0.463768115942029,0.45121951219512196,0.45121951219512196,0.41379310344827586
CMPD_576,CA_EC,amide,CCOP(=O)(CC(C#N)C(=O)N(CCc1ccccc1)POCCNCc1ccccc1)OCC,0.2916666666666667,0.275,0.2916666666666667,0.3026315789473684,0.275,0.3026315789473684,0.2916666666666667,0.26666666666666666,0.2916666666666667
CMPD_577,CA_EC,amide,CCOP(=O)(CC(C#N)C(=O)N(CCOPNCCc1ccccc1)C1=CCOC=C1)OCC,0.2682926829268293,0.24175824175824176,0.2682926829268293,0.2682926829268293,0.24175824175824176,0.2682926829268293,0.2682926829268293,0.2358490566037736,0.2682926829268293
CMPD_578,CA_EC,amide,CNCCOP(=O)(NC(Cc1ccccc1)C(=O)NC(=S)NS(=O)(=O)c1ccc(C)cc1)Oc1ccccc1,0.42696629213483145,0.42696629213483145,0.36363636363636365,0.42696629213483145,0.42696629213483145,0.3804347826086957,0.42696629213483145,0.42696629213483145,0.3804347826086957
CMPD_579,CA_EC,amide,CNCCOP(=O)(NC(Cc1ccccc1)C(=O)N(CCc1ccccc1)POc1ccccc1)Oc1ccccc1,0.43023255813953487,0.43023255813953487,0.35294117647058826,0.45121951219512196,0.45121951219512196,0.41379310344827586,0.45121951219512196,0.45121951219512196,0.41379310344827586
CMPD_580,CA_EC,amide,CNCCOP(=O)(NC(Cc1ccccc1)C(=O)N1CCC(c2cnn(-c3ccccc3)c2)C2=C1CCCC2)Oc1ccccc1,0.33962264150943394,0.33962264150943394,0.2761904761904762,0.35294117647058826,0.35294117647058826,0.32710280373831774,0.35294117647058826,0.35294117647058826,0.32710280373831774
CMPD_581,CA_EC,amide,CCOP(=O)(CC(C#N)C(=O)N(CCOPNCCc1ccccc1)C1=CCOc2ccccc21)OCC,0.2619047619047619,0.23655913978494625,0.2619047619047619,0.2619047619047619,0.24210526315789474,0.2619047619047619,0.2619047619047619,0.23148148148148148,0.2619047619047619
CMPD_582,CA_EC,amide,CNCCOP(=O)(NC(Cc1ccccc1)C(=O)N(CN[C@H]1CCCCO1)c1nccs1)Oc1ccccc1,0.36893203883495146,0.36893203883495146,0.30392156862745096,0.3838383838383838,0.3838383838383838,0.3557692307692308,0.3838383838383838,0.3838383838383838,0.3557692307692308
CMPD_583,CA_EC,amide,CNCCOP(=O)(NC(Cc1ccccc1)C(=O)N(C=CCc1cnn(-c2ccccc2)c1)c1ccccc1)Oc1ccccc1,0.37373737373737376,0.37373737373737376,0.30612244897959184,0.3894736842105263,0.3894736842105263,0.36,0.3894736842105263,0.3894736842105263,0.36
CMPD_584,CA_EC,amide,CNCCOP(=O)(NC(Cc1ccccc1)C(=O)N(C1=C(Cc2cn[nH]c2)CCCC1)c1ccccc1)Oc1ccccc1,0.36,0.36,0.31313131313131315,0.375,0.375,0.3465346534653465,0.375,0.375,0.3465346534653465
CMPD_585,CA_EC,amide,CCOP(=O)(CC(C#N)C(=O)NC(=N)NCCCCCCCCOC(C)CC)OCC,0.30158730158730157,0.30158730158730157,0.2777777777777778,0.30158730158730157,0.30158730158730157,0.2777777777777778,0.30158730158730157,0.30158730158730157,0.2777777777777778
CMPD_586,CA_EC,amide,CNCCOP(=O)(NC(Cc1ccccc1)C(=O)N(CN[C@H]1CCCCO1)c1nc(-c2ccccc2)cs1)Oc1ccccc1,0.3490566037735849,0.3490566037735849,0.28865979381443296,0.3627450980392157,0.3627450980392157,0.3364485981308411,0.3627450980392157,0.3627450980392157,0.3364485981308411
CMPD_587,CA_EC,amide,CCOP(=O)(CC(C#N)C(=O)N(CCOP(NCCc1ccccc1)Oc1ccccc1)C1=CCOC=C1)OCC,0.26744186046511625,0.22916666666666666,0.26744186046511625,0.26744186046511625,0.23636363636363636,0.26744186046511625,0.26744186046511625,0.23636363636363636,0.26744186046511625
CMPD_588,CA_EC,amide,CCOP(=O)(CC(C#N)C(=O)N(CCc1ccccc1)P(OCCNCc1ccccc1)Oc1ccccc1)OCC,0.3,0.25882352941176473,0.3,0.2894736842105263,0.26262626262626265,0.2894736842105263,0.2894736842105263,0.26262626262626265,0.2894736842105263
CMPD_589,CA_EC,amide,CNCCOP(=O)(NC(Cc1ccccc1)C(=O)N(CCc1ccccc1)POCCNCc1ccccc1)Oc1ccccc1,0.40217391304347827,0.40217391304347827,0.32967032967032966,0.42045454545454547,0.42045454545454547,0.3870967741935484,0.42045454545454547,0.42045454545454547,0.3870967741935484
CMPD_590,CA_EC,amide,CNCCOP(=O)(NC(Cc1ccccc1)C(=O)N(C1=C(Cc2cnn(-c3ccccc3)c2)CCCC1)c1ccccc1)Oc1ccccc1,0.34615384615384615,0.34615384615384615,0.29411764705882354,0.36,0.36,0.3333333333333333,0.36,0.36,0.3333333333333333
CMPD_591,CA_EC,amide,CCC(C)OCCCCNC(=N)NC(=O)C(Cc1ccccc1)NP(=O)(OCCNC)Oc1ccccc1,0.3978494623655914,0.3978494623655914,0.34065934065934067,0.4157303370786517,0.4157303370786517,0.3829787234042553,0.4157303370786517,0.4157303370786517,0.3829787234042553
CMPD_592,CA_EC,amide,CNCCOP(=O)(NC(Cc1ccccc1)C(=O)N(CCOPNCCc1ccccc1)C1=CCOC=C1)Oc1ccccc1,0.38613861386138615,0.38613861386138615,0.32,0.4020618556701031,0.4020618556701031,0.37254901960784315,0.4020618556701031,0.4020618556701031,0.37254901960784315
CMPD_593,CA_EC,amide,CCOP(=O)(CC(C#N)C(=O)N(CCOP(NCCc1ccccc1)Oc1ccccc1)C1=CCOc2ccccc21)OCC,0.26136363636363635,0.22448979591836735,0.26136363636363635,0.26136363636363635,0.23214285714285715,0.26136363636363635,0.26136363636363635,0.23214285714285715,0.26136363636363635
CMPD_594,CA_EC,amide,CNCCOP(=O)(NC(Cc1ccccc1)C(=O)N(CCOPNCCc1ccccc1)C1=CCOc2ccccc21)Oc1ccccc1,0.3786407766990291,0.3786407766990291,0.3137254901960784,0.3939393939393939,0.3939393939393939,0.36538461538461536,0.3939393939393939,0.3939393939393939,0.36538461538461536
CMPD_595,CA_EC,amide,CCC(C)OCCCCCCCCNC(=N)NC(=O)C(Cc1ccccc1)NP(=O)(OCCNC)Oc1ccccc1,0.39361702127659576,0.39361702127659576,0.33695652173913043,0.4111111111111111,0.4111111111111111,0.37894736842105264,0.4111111111111111,0.4111111111111111,0.37894736842105264
CMPD_596,CA_EC,amide,CCOP(=O)(CC(C#N)C(=O)N(C)CCOP(=O)(NC(Cc1ccccc1)C(=O)OC)Oc1ccccc1)OCC,0.5058823529411764,0.5058823529411764,0.3953488372093023,0.5308641975308642,0.5308641975308642,0.5058823529411764,0.5308641975308642,0.5308641975308642,0.5058823529411764
CMPD_597,CA_EC,amide,CNCCOP(=O)(NC(Cc1ccccc1)C(=O)N(CCc1ccccc1)P(OCCNCc1ccccc1)Oc1ccccc1)Oc1ccccc1,0.40425531914893614,0.40425531914893614,0.3333333333333333,0.4222222222222222,0.4222222222222222,0.3894736842105263,0.4222222222222222,0.4222222222222222,0.3894736842105263
CMPD_598,CA_EC,amide,CNCCOP(=O)(NC(Cc1ccccc1)C(=O)N(CCOP(NCCc1ccccc1)Oc1ccccc1)C1=CCOC=C1)Oc1ccccc1,0.3619047619047619,0.3619047619047619,0.2980769230769231,0.37623762376237624,0.37623762376237624,0.3490566037735849,0.37623762376237624,0.37623762376237624,0.3490566037735849
CMPD_599,CA_EC,amide,CNCCOP(=O)(NC(Cc1ccccc1)C(=O)N(CCOP(NCCc1ccccc1)Oc1ccccc1)C1=CCOc2ccccc21)Oc1ccccc1,0.35514018691588783,0.35514018691588783,0.29245283018867924,0.36893203883495146,0.36893203883495146,0.3425925925925926,0.36893203883495146,0.36893203883495146,0.3425925925925926
CMPD_600,CA_EC,amide,CNCCOP(=O)(NC(Cc1ccccc1)C(=O)N(C)CCOP(=O)(NC(Cc1ccccc1)C(=O)OC)Oc1ccccc1)Oc1ccccc1,0.5714285714285714,0.5714285714285714,0.44871794871794873,0.6027397260273972,0.6027397260273972,0.5512820512820513,0.6027397260273972,0.6027397260273972,0.5512820512820513
CMPD_601,TRIPLE,amide,Cc1nc(/N=C2\NC(=O)CS2)sc1C(=O)NC(C)C(F)(F)F,0.4,0.4,0.38095238095238093,0.38095238095238093,0.3333333333333333,0.38095238095238093,0.38095238095238093,0.32786885245901637,0.38095238095238093
CMPD_602,TRIPLE,amide,Cc1nc(/N=C2\NC(=O)CS2)sc1C(=O)N1CCC(C)CC1,0.4067796610169492,0.4067796610169492,0.39285714285714285,0.39285714285714285,0.359375,0.39285714285714285,0.39285714285714285,0.39285714285714285,0.3870967741935484
CMPD_603,TRIPLE,amide,Cc1nc(/N=C2\NC(=O)CS2)sc1C(=O)NCc1ccc(F)cc1,0.421875,0.41935483870967744,0.421875,0.421875,0.4050632911392405,0.421875,0.421875,0.4050632911392405,0.421875
CMPD_604,TRIPLE,amide,CCCC(C)NC(=O)c1sc(/N=C2\NC(=O)CS2)nc1C,0.39344262295081966,0.39344262295081966,0.375,0.375,0.3333333333333333,0.375,0.375,0.35,0.375
CMPD_605,TRIPLE,amide,CCC(C)NC(=O)c1sc(/N=C2\NC(=O)CS2)nc1C,0.4067796610169492,0.4067796610169492,0.3870967741935484,0.3870967741935484,0.358974358974359,0.3870967741935484,0.3870967741935484,0.358974358974359,0.3870967741935484
CMPD_606,TRIPLE,amide,Cc1nc(/N=C2\NC(=O)CS2)sc1C(=O)N/N=C/c1cccs1,0.5,0.421875,0.5,0.5,0.4411764705882353,0.5,0.5,0.373134328358209,0.5
CMPD_607,TRIPLE,amide,Cc1nc(N)sc1C(=O)N/N=C/c1cccs1,0.5178571428571429,0.4528301886792453,0.5178571428571429,0.5178571428571429,0.46551724137931033,0.5178571428571429,0.4576271186440678,0.41379310344827586,0.4576271186440678
CMPD_608,TRIPLE,amide,Cc1nc(N)sc1C(=O)NCc1ccc(F)cc1,0.6590909090909091,0.6590909090909091,0.41818181818181815,0.6590909090909091,0.6590909090909091,0.5,0.6590909090909091,0.45454545454545453,0.6590909090909091
CMPD_609,TRIPLE,amide,Cc1nc(/N=C2\NC(=O)CS2)sc1C(=O)NCC(C)C,0.41379310344827586,0.41379310344827586,0.39344262295081966,0.39344262295081966,0.36507936507936506,0.39344262295081966,0.39344262295081966,0.38596491228070173,0.39344262295081966
CMPD_610,TRIPLE,amide,COc1ccccc1NC(=O)c1sc(N)nc1C,0.574468085106383,0.574468085106383,0.48,0.574468085106383,0.574468085106383,0.48,0.574468085106383,0.4791666666666667,0.574468085106383
CMPD_611,TRIPLE,amide,CCCC(C)NC(=O)c1sc(N)nc1C,0.4583333333333333,0.4583333333333333,0.32142857142857145,0.4583333333333333,0.4583333333333333,0.32142857142857145,0.4583333333333333,0.32727272727272727,0.4583333333333333
CMPD_612,TRIPLE,amide,COc1ccc(NC(=O)c2sc(N)nc2C)c(S)c1,0.5098039215686274,0.5098039215686274,0.4727272727272727,0.5098039215686274,0.5098039215686274,0.4727272727272727,0.5098039215686274,0.3559322033898305,0.5098039215686274
CMPD_613,TRIPLE,amide,Cc1nc(N)sc1C(=O)NC(C)C(F)(F)F,0.5,0.5,0.32075471698113206,0.5,0.5,0.32075471698113206,0.5,0.3103448275862069,0.5
CMPD_614,TRIPLE,amide,Cc1nc(/N=C2\NC(=O)CS2)sc1C(=O)NCc1ccc(Cl)cc1,0.421875,0.41935483870967744,0.421875,0.421875,0.41333333333333333,0.421875,0.421875,0.41333333333333333,0.421875
CMPD_615,TRIPLE,amide,COc1ccccc1NC(=O)c1sc(/N=C2\NC(=O)CS2)nc1C,0.45901639344262296,0.45901639344262296,0.3968253968253968,0.3968253968253968,0.39344262295081966,0.3968253968253968,0.3939393939393939,0.39344262295081966,0.3939393939393939
CMPD_616,TRIPLE,amide,Cc1nc(N)sc1C(=O)N1CCC(C)CC1,0.38596491228070173,0.38,0.38596491228070173,0.38596491228070173,0.38596491228070173,0.32558139534883723,0.38596491228070173,0.31666666666666665,0.38596491228070173
CMPD_617,TRIPLE,amide,COc1ccc(NC(=O)c2sc(/N=C3\NC(=O)CS3)nc2C)c(S)c1,0.4230769230769231,0.4230769230769231,0.37681159420289856,0.4230769230769231,0.4230769230769231,0.37681159420289856,0.4230769230769231,0.4230769230769231,0.37681159420289856
CMPD_618,TRIPLE,amide,Cc1ccccc1NC(=O)c1sc(/N=C2\NC(=O)CS2)nc1C,0.49122807017543857,0.49122807017543857,0.41935483870967744,0.41935483870967744,0.39436619718309857,0.41935483870967744,0.41935483870967744,0.39436619718309857,0.41935483870967744
CMPD_619,TRIPLE,amide,Cc1nc(N)sc1C(=O)NCc1ccc(Cl)cc1,0.5111111111111111,0.4897959183673469,0.5111111111111111,0.5111111111111111,0.4897959183673469,0.5111111111111111,0.5111111111111111,0.3793103448275862,0.5111111111111111
CMPD_620,TRIPLE,amide,Cc1ccccc1NC(=O)c1sc(N)nc1C,0.5909090909090909,0.5909090909090909,0.38461538461538464,0.5909090909090909,0.5909090909090909,0.48,0.5909090909090909,0.43137254901960786,0.5909090909090909
CMPD_621,TRIPLE,amide,CCC(C)NC(=O)c1sc(N)nc1C,0.4782608695652174,0.4782608695652174,0.3333333333333333,0.4782608695652174,0.4782608695652174,0.3333333333333333,0.4782608695652174,0.33962264150943394,0.4782608695652174
CMPD_622,TRIPLE,amide,Cc1nc(/N=C2\NC(=O)CS2)sc1C(=O)N(C)C,0.46153846153846156,0.46153846153846156,0.43636363636363634,0.43636363636363634,0.38461538461538464,0.43636363636363634,0.43636363636363634,0.38461538461538464,0.43636363636363634
CMPD_623,TRIPLE,amide,COc1cc(/C=N/NC(=O)c2sc(/N=C3\NC(=O)CS3)nc2C)ccc1O,0.45714285714285713,0.45714285714285713,0.43902439024390244,0.45714285714285713,0.45714285714285713,0.43902439024390244,0.45714285714285713,0.4520547945205479,0.45714285714285713
CMPD_624,TRIPLE,amide,Cc1nc(N)sc1C(=O)NCC(C)C,0.4888888888888889,0.4888888888888889,0.33962264150943394,0.4888888888888889,0.4888888888888889,0.33962264150943394,0.4888888888888889,0.34615384615384615,0.4888888888888889
CMPD_625,TRIPLE,amide,Cc1nc(/N=C2\NC(=O)CS2)sc1C(=O)NS(=O)(=O)c1ccccc1,0.4745762711864407,0.4745762711864407,0.40625,0.40625,0.3835616438356164,0.40625,0.40625,0.3835616438356164,0.40625
CMPD_626,TRIPLE,amide,CCCCCCCCNC(=O)c1sc(/N=C2\NC(=O)CS2)nc1C,0.4166666666666667,0.39344262295081966,0.4166666666666667,0.4166666666666667,0.35064935064935066,0.4166666666666667,0.4166666666666667,0.4166666666666667,0.375
CMPD_627,TRIPLE,amide,Cc1nc(/N=C2\NC(=O)CS2)sc1C(=O)Nc1ccc(C(F)(F)F)cc1,0.41935483870967744,0.41935483870967744,0.4,0.4032258064516129,0.4032258064516129,0.4,0.4032258064516129,0.34210526315789475,0.4032258064516129
CMPD_628,TRIPLE,amide,COc1cc(/C=N/NC(=O)c2sc(N)nc2C)ccc1O,0.5614035087719298,0.5614035087719298,0.5283018867924528,0.5614035087719298,0.5614035087719298,0.5283018867924528,0.5614035087719298,0.55,0.5614035087719298
CMPD_629,TRIPLE,amide,CCCCCCCCNC(=O)c1sc(N)nc1C,0.4583333333333333,0.4583333333333333,0.37777777777777777,0.4583333333333333,0.4583333333333333,0.38461538461538464,0.4583333333333333,0.38461538461538464,0.4583333333333333
CMPD_630,TRIPLE,amide,COc1ccc(NC(=O)CS)c(S)c1,0.4318181818181818,0.39622641509433965,0.4318181818181818,0.4318181818181818,0.37254901960784315,0.4318181818181818,0.4318181818181818,0.3508771929824561,0.4318181818181818
CMPD_631,TRIPLE,amide,Cc1nc(N)sc1C(=O)Nc1ccc(C(F)(F)F)cc1,0.7380952380952381,0.7380952380952381,0.48,0.7380952380952381,0.7380952380952381,0.48,0.7380952380952381,0.42857142857142855,0.7380952380952381
CMPD_632,TRIPLE,amide,COc1ccc(NC(C)=O)c(S)c1,0.4222222222222222,0.4222222222222222,0.4146341463414634,0.4222222222222222,0.3958333333333333,0.4222222222222222,0.4222222222222222,0.35555555555555557,0.4222222222222222
CMPD_633,TRIPLE,amide,Cc1nc(N)sc1C(=O)NS(=O)(=O)c1ccccc1,0.5,0.5,0.5,0.5,0.5,0.5,0.5,0.41509433962264153,0.5
CMPD_634,TRIPLE,amide,CC(=O)N1CCN(C(=O)c2sc(/N=C3\NC(=O)CS3)nc2C)CC1,0.42105263157894735,0.42105263157894735,0.4,0.4,0.35714285714285715,0.4,0.4,0.36538461538461536,0.4
CMPD_635,TRIPLE,amide,CNS(=O)(=O)c1ccc(NC(=O)c2sc(/N=C3\NC(=O)CS3)nc2C)cc1,0.40625,0.40625,0.3880597014925373,0.3880597014925373,0.36923076923076925,0.3880597014925373,0.3880597014925373,0.3333333333333333,0.3880597014925373
CMPD_636,TRIPLE,amide,COc1cc(/C=N/NC(=O)CS)ccc1O,0.6511627906976745,0.6122448979591837,0.6511627906976745,0.6511627906976745,0.6122448979591837,0.6511627906976745,0.6470588235294118,0.5660377358490566,0.6470588235294118
CMPD_637,TRIPLE,amide,COc1cc(/C=N/NC(C)=O)ccc1O,0.717948717948718,0.6666666666666666,0.717948717948718,0.717948717948718,0.6666666666666666,0.717948717948718,0.6666666666666666,0.6122448979591837,0.6666666666666666
CMPD_638,TRIPLE,amide,CNC(=O)c1sc(/N=C2\NC(=O)CS2)nc1C,0.46153846153846156,0.46153846153846156,0.43636363636363634,0.43636363636363634,0.3793103448275862,0.43636363636363634,0.43636363636363634,0.375,0.43636363636363634
CMPD_639,TRIPLE,amide,CNS(=O)(=O)c1ccc(NC(=O)c2sc(N)nc2C)cc1,0.6666666666666666,0.6666666666666666,0.3898305084745763,0.6666666666666666,0.6666666666666666,0.40350877192982454,0.6666666666666666,0.39285714285714285,0.6666666666666666
CMPD_640,TRIPLE,amide,CNS(=O)(=O)c1ccc(NC(=O)CS)cc1,0.4878048780487805,0.34615384615384615,0.4878048780487805,0.4878048780487805,0.3684210526315789,0.4878048780487805,0.4878048780487805,0.35,0.4878048780487805
CMPD_641,TRIPLE,amide,O=C(CS)NCc1ccc(Cl)cc1,0.42857142857142855,0.4166666666666667,0.42857142857142855,0.5151515151515151,0.425,0.5151515151515151,0.42857142857142855,0.425,0.42857142857142855
CMPD_642,TRIPLE,amide,CNS(=O)(=O)c1ccc(NC(C)=O)cc1,0.5238095238095238,0.425531914893617,0.5238095238095238,0.5238095238095238,0.45714285714285713,0.5238095238095238,0.45714285714285713,0.425531914893617,0.45714285714285713
CMPD_643,TRIPLE,amide,CC(=O)NCc1ccc(Cl)cc1,0.6060606060606061,0.4186046511627907,0.6060606060606061,0.6060606060606061,0.6060606060606061,0.5714285714285714,0.6060606060606061,0.43902439024390244,0.6060606060606061
CMPD_644,TRIPLE,amide,COc1ccccc1NC(=O)CS,0.6666666666666666,0.525,0.6666666666666666,0.6666666666666666,0.525,0.6666666666666666,0.5333333333333333,0.525,0.5333333333333333
CMPD_645,TRIPLE,amide,CC(=O)N1CCN(C(=O)c2sc(N)nc2C)CC1,0.3958333333333333,0.3958333333333333,0.3387096774193548,0.3958333333333333,0.3958333333333333,0.3148148148148148,0.3958333333333333,0.2898550724637681,0.3958333333333333
CMPD_646,TRIPLE,amide,Cc1ccccc1NC(=O)CS,0.525,0.4666666666666667,0.525,0.525,0.4864864864864865,0.525,0.525,0.4864864864864865,0.525
CMPD_647,TRIPLE,amide,COc1ccccc1NC(C)=O,0.6,0.5833333333333334,0.6,0.6,0.5833333333333334,0.6,0.5833333333333334,0.5833333333333334,0.5675675675675675
CMPD_648,TRIPLE,amide,CC(=O)Nc1ccccc1C,0.5,0.47368421052631576,0.5,0.5454545454545454,0.5454545454545454,0.5,0.5454545454545454,0.5454545454545454,0.5
CMPD_649,TRIPLE,amide,CCCCCCCCNC(=O)CS,0.6333333333333333,0.6333333333333333,0.6071428571428571,0.6333333333333333,0.6333333333333333,0.6071428571428571,0.6333333333333333,0.5625,0.6333333333333333
CMPD_650,TRIPLE,amide,O=C(CS)Nc1ccc(C(F)(F)F)cc1,0.5428571428571428,0.5,0.5428571428571428,0.5428571428571428,0.4166666666666667,0.5428571428571428,0.5428571428571428,0.5,0.5428571428571428
CMPD_651,TRIPLE,amide,O=C(CS)NS(=O)(=O)c1ccccc1,0.6774193548387096,0.375,0.6774193548387096,0.6774193548387096,0.475,0.6774193548387096,0.47058823529411764,0.3333333333333333,0.47058823529411764
CMPD_652,TRIPLE,amide,Cc1nc(N)sc1C(=O)N(C)C,0.4523809523809524,0.4523809523809524,0.3023255813953488,0.4523809523809524,0.4523809523809524,0.3023255813953488,0.4523809523809524,0.28,0.4523809523809524
CMPD_653,TRIPLE,amide,O=C(CS)N/N=C/c1cccs1,0.5094339622641509,0.43548387096774194,0.5094339622641509,0.5094339622641509,0.43548387096774194,0.5094339622641509,0.5094339622641509,0.38,0.5094339622641509
CMPD_654,TRIPLE,amide,CC(=O)NS(=O)(=O)c1ccccc1,1.0,0.4186046511627907,1.0,1.0,0.6551724137931034,1.0,0.6551724137931034,0.38,0.6551724137931034
CMPD_655,TRIPLE,amide,CC(=O)N/N=C/c1cccs1,0.5,0.4166666666666667,0.5,0.5,0.4166666666666667,0.5,0.4897959183673469,0.40816326530612246,0.4897959183673469
CMPD_656,TRIPLE,amide,CCCCCCCCNC(C)=O,0.5555555555555556,0.5517241379310345,0.5555555555555556,0.5714285714285714,0.5714285714285714,0.5555555555555556,0.5333333333333333,0.5161290322580645,0.5333333333333333
CMPD_657,TRIPLE,amide,O=C(CS)NCc1ccc(F)cc1,0.4489795918367347,0.4166666666666667,0.4489795918367347,0.5,0.4090909090909091,0.5,0.4489795918367347,0.425,0.4489795918367347
CMPD_658,TRIPLE,amide,CC(=O)Nc1ccc(C(F)(F)F)cc1,0.59375,0.5428571428571428,0.59375,0.59375,0.4444444444444444,0.59375,0.59375,0.5428571428571428,0.59375
CMPD_659,TRIPLE,amide,CC(=O)NCc1ccc(F)cc1,0.5588235294117647,0.4375,0.5588235294117647,0.5714285714285714,0.5588235294117647,0.5714285714285714,0.5588235294117647,0.4473684210526316,0.5588235294117647
CMPD_660,TRIPLE,amide,CNC(=O)c1sc(N)nc1C,0.5789473684210527,0.5789473684210527,0.36363636363636365,0.5789473684210527,0.5789473684210527,0.36363636363636365,0.5789473684210527,0.3695652173913043,0.5789473684210527
CMPD_661,TRIPLE,amide,CN(C)C1=NCN=C(NC(=O)CS)N1,0.2916666666666667,0.26229508196721313,0.2916666666666667,0.3142857142857143,0.22413793103448276,0.3142857142857143,0.2916666666666667,0.22058823529411764,0.2916666666666667
CMPD_662,TRIPLE,amide,CCCC(C)NC(=O)CS,0.34210526315789475,0.34210526315789475,0.3170731707317073,0.35714285714285715,0.34210526315789475,0.35714285714285715,0.3170731707317073,0.28888888888888886,0.3170731707317073
CMPD_663,TRIPLE,amide,Cc1nc(/N=C2\NC(=O)CS2)sc1C(=O)NN1C(=O)CNC1=S,0.375,0.375,0.3582089552238806,0.3582089552238806,0.325,0.3582089552238806,0.3582089552238806,0.325,0.3582089552238806
CMPD_664,TRIPLE,amide,CC(=O)NC1=NCN=C(N(C)C)N1,0.28888888888888886,0.25757575757575757,0.28888888888888886,0.28888888888888886,0.2413793103448276,0.28888888888888886,0.30952380952380953,0.30952380952380953,0.28888888888888886
CMPD_665,TRIPLE,amide,C=NNC(=N)NC(=O)CS,0.25,0.2,0.25,0.3448275862068966,0.2,0.3448275862068966,0.25,0.17777777777777778,0.25
CMPD_666,TRIPLE,amide,CCCC(C)NC(C)=O,0.37142857142857144,0.37142857142857144,0.34146341463414637,0.37142857142857144,0.37142857142857144,0.34146341463414637,0.3157894736842105,0.27906976744186046,0.3157894736842105
CMPD_667,TRIPLE,amide,CC(NC(=O)CS)C(F)(F)F,0.2894736842105263,0.2894736842105263,0.28205128205128205,0.35714285714285715,0.3055555555555556,0.35714285714285715,0.2564102564102564,0.24444444444444444,0.2564102564102564
CMPD_668,TRIPLE,amide,Cc1nc(N)sc1C(=O)NN1C(=O)CNC1=S,0.4074074074074074,0.4074074074074074,0.296875,0.4074074074074074,0.4074074074074074,0.2857142857142857,0.4074074074074074,0.2857142857142857,0.4074074074074074
CMPD_669,TRIPLE,amide,O=C(CS)NN1C(=O)CNC1=S,0.25925925925925924,0.25,0.25925925925925924,0.2857142857142857,0.25925925925925924,0.2857142857142857,0.29545454545454547,0.25925925925925924,0.29545454545454547
CMPD_670,TRIPLE,amide,CC(=O)NC(C)C(F)(F)F,0.3181818181818182,0.25,0.3181818181818182,0.3181818181818182,0.2631578947368421,0.3181818181818182,0.2894736842105263,0.2631578947368421,0.2894736842105263
CMPD_671,TRIPLE,amide,Cc1nc(/N=C2\NC(=O)CS2)sc1C(=O)NC1=NCN=C(N(C)C)N1,0.375,0.375,0.3582089552238806,0.3582089552238806,0.3333333333333333,0.3582089552238806,0.3582089552238806,0.3076923076923077,0.3582089552238806
CMPD_672,TRIPLE,amide,CC1CCN(C(=O)CS)CC1,0.3939393939393939,0.3939393939393939,0.3333333333333333,0.3939393939393939,0.2857142857142857,0.3939393939393939,0.4666666666666667,0.4666666666666667,0.3939393939393939
CMPD_673,TRIPLE,amide,C=NNC(=N)NC(C)=O,0.3,0.2777777777777778,0.3,0.3,0.20512820512820512,0.3,0.22857142857142856,0.20512820512820512,0.22857142857142856
CMPD_674,TRIPLE,amide,Cc1nc(N)sc1C(=O)NC1=NCN=C(N(C)C)N1,0.46153846153846156,0.46153846153846156,0.31746031746031744,0.46153846153846156,0.46153846153846156,0.3114754098360656,0.46153846153846156,0.32786885245901637,0.46153846153846156
CMPD_675,TRIPLE,amide,CC(=O)N1CCC(C)CC1,0.4482758620689655,0.4482758620689655,0.3783783783783784,0.4482758620689655,0.3076923076923077,0.4482758620689655,0.48148148148148145,0.48148148148148145,0.4482758620689655
CMPD_676,TRIPLE,amide,Cc1nc(/N=C2\NC(=O)CS2)sc1C(=O)NCN,0.42857142857142855,0.42857142857142855,0.4067796610169492,0.4067796610169492,0.36231884057971014,0.4067796610169492,0.4067796610169492,0.36231884057971014,0.4067796610169492
CMPD_677,TRIPLE,amide,CC(=O)NN1C(=O)CNC1=S,0.27450980392156865,0.2727272727272727,0.27450980392156865,0.28846153846153844,0.27450980392156865,0.28846153846153844,0.5,0.28846153846153844,0.5
CMPD_678,TRIPLE,amide,Cc1nc(/N=C2\NC(=O)CS2)sc1C(=O)N[SH](=O)=O,0.43636363636363634,0.43636363636363634,0.41379310344827586,0.41379310344827586,0.36065573770491804,0.41379310344827586,0.41379310344827586,0.35294117647058826,0.41379310344827586
CMPD_679,TRIPLE,amide,O=C(CS)N[SH](=O)=O,0.2631578947368421,0.19444444444444445,0.2631578947368421,0.45454545454545453,0.20689655172413793,0.45454545454545453,0.2631578947368421,0.18181818181818182,0.2631578947368421
CMPD_680,TRIPLE,amide,Cc1nc(/N=C2\NC(=O)CS2)sc1C(=O)NN,0.4528301886792453,0.4528301886792453,0.42857142857142855,0.42857142857142855,0.3728813559322034,0.42857142857142855,0.42857142857142855,0.3728813559322034,0.42857142857142855
CMPD_681,TRIPLE,amide,Cc1nc(N)sc1C(=O)NCN,0.5238095238095238,0.5238095238095238,0.3611111111111111,0.5238095238095238,0.5238095238095238,0.3611111111111111,0.5238095238095238,0.3673469387755102,0.5238095238095238
CMPD_682,TRIPLE,amide,Cc1nc(N)sc1C(=O)N[SH](=O)=O,0.5238095238095238,0.5238095238095238,0.3333333333333333,0.5238095238095238,0.5238095238095238,0.3333333333333333,0.5238095238095238,0.34,0.5238095238095238
CMPD_683,TRIPLE,amide,Cc1nc(N)sc1C(=O)NN,0.5641025641025641,0.5641025641025641,0.5333333333333333,0.5641025641025641,0.5641025641025641,0.5333333333333333,0.5641025641025641,0.4883720930232558,0.5641025641025641
CMPD_684,TRIPLE,amide,CCC(C)NC(=O)CS,0.3404255319148936,0.3333333333333333,0.3404255319148936,0.38461538461538464,0.2972972972972973,0.38461538461538464,0.3404255319148936,0.24528301886792453,0.3404255319148936
CMPD_685,TRIPLE,amide,CC(=O)N[SH](=O)=O,0.4117647058823529,0.25,0.4117647058823529,0.4117647058823529,0.21875,0.4117647058823529,0.2413793103448276,0.23333333333333334,0.2413793103448276
CMPD_686,TRIPLE,amide,C=NNC(=N)NC(=O)c1sc(/N=C2\NC(=O)CS2)nc1C,0.3968253968253968,0.39344262295081966,0.3968253968253968,0.3968253968253968,0.3333333333333333,0.3968253968253968,0.3968253968253968,0.3333333333333333,0.3968253968253968
CMPD_687,TRIPLE,amide,CCC(C)NC(C)=O,0.375,0.375,0.3333333333333333,0.3333333333333333,0.2972972972972973,0.3333333333333333,0.3333333333333333,0.2727272727272727,0.3333333333333333
CMPD_688,TRIPLE,amide,CC(C)CNC(=O)CS,0.4482758620689655,0.2894736842105263,0.4482758620689655,0.4482758620689655,0.3333333333333333,0.4482758620689655,0.4482758620689655,0.26666666666666666,0.4482758620689655
CMPD_689,TRIPLE,amide,CC(=O)NCC(C)C,0.56,0.3142857142857143,0.56,0.56,0.3142857142857143,0.56,0.56,0.2962962962962963,0.56
CMPD_690,TRIPLE,amide,CC(=O)N1CCN(C(=O)CS)CC1,0.4,0.2765957446808511,0.4,0.4,0.2682926829268293,0.4,0.4,0.325,0.4
CMPD_691,TRIPLE,amide,NCNC(=O)CS,0.2727272727272727,0.2727272727272727,0.2727272727272727,0.5238095238095238,0.2727272727272727,0.5238095238095238,0.32142857142857145,0.2727272727272727,0.32142857142857145
CMPD_692,TRIPLE,amide,C=NNC(=N)NC(=O)c1sc(N)nc1C,0.4489795918367347,0.4489795918367347,0.29310344827586204,0.4489795918367347,0.4489795918367347,0.3103448275862069,0.4489795918367347,0.2982456140350877,0.4489795918367347
CMPD_693,TRIPLE,amide,NNC(=O)CS,0.38461538461538464,0.2857142857142857,0.38461538461538464,1.0,0.43478260869565216,1.0,0.35714285714285715,0.23529411764705882,0.35714285714285715
CMPD_694,TRIPLE,amide,CC(=O)N1CCN(C(C)=O)CC1,0.40625,0.3333333333333333,0.40625,0.40625,0.3023255813953488,0.40625,0.40625,0.40625,0.36
CMPD_695,TRIPLE,amide,CC(=O)NCN,0.3888888888888889,0.2903225806451613,0.3888888888888889,0.4444444444444444,0.3235294117647059,0.4444444444444444,0.3235294117647059,0.2903225806451613,0.3235294117647059
CMPD_696,TRIPLE,amide,CC(=O)NN,0.5,0.26666666666666666,0.5,1.0,0.38095238095238093,1.0,0.34782608695652173,0.26666666666666666,0.34782608695652173
CMPD_697,TRIPLE,amide,CNC(=O)CS,0.3142857142857143,0.24242424242424243,0.3142857142857143,0.5,0.2692307692307692,0.5,0.3142857142857143,0.25,0.3142857142857143
CMPD_698,TRIPLE,amide,CN(C)C(=O)CS,0.25925925925925924,0.21875,0.25925925925925924,0.30434782608695654,0.23809523809523808,0.30434782608695654,0.25925925925925924,0.25,0.25925925925925924
CMPD_699,TRIPLE,amide,CNC(C)=O,0.5384615384615384,0.2413793103448276,0.5384615384615384,0.5384615384615384,0.25,0.5384615384615384,0.3181818181818182,0.2692307692307692,0.3181818181818182
CMPD_700,TRIPLE,amide,CC(=O)N(C)C,0.3333333333333333,0.26666666666666666,0.3333333333333333,0.3333333333333333,0.26666666666666666,0.3333333333333333,0.3181818181818182,0.2777777777777778,0.3181818181818182
